Index,publishDate,url,title,proposal,benefits&impact,#Votes,MinVotesNecessary,SubmissionDate,Followers,Messages,GA,proposer,proposalEN,titleEN,Topics,category,Topic1,Topic2,Topic3,category1,category2,category3
98,2016-04-21 22:38:32,https://join.gov.tw/idea/detail/985c9388-59f0-4207-9df3-d3621f3d8771,åŸ·è¡Œã€Œè»Šé€Ÿåˆ†æµã€ï¼Œå–æ¶ˆã€Œè»Šç¨®åˆ†æµã€,ç•¶æ™‚ä»£èˆ‡ç§‘æŠ€ä¸æ–·çš„åœ¨é€²æ­¥æ™‚ï¼Œæ³•å¾‹å’Œåˆ¶åº¦å¿…é ˆåŒæ™‚ç›¡å¿«è·Ÿä¸Šï¼Œæ‰èƒ½ç¢ºä¿äººæ°‘çš„æ¬Šç›Šã€‚å‰æï¼šè¡Œé§›åœ¨é“è·¯ä¸Šä¹‹è»Šç¨®ï¼Œéƒ½åªæ˜¯ä»£æ­¥å·¥å…·ï¼Œä¸å¿…åˆ†è²´è³¤ï¼Œç¾ä»Šä»¥æ©Ÿè»Šç‚ºå¤§çœ¾ä¾†åšèˆ‰ä¾‹ã€‚å°Šé‡å…¶ä»–ç”¨è·¯äººä¹‹å®‰å…¨ï¼Œé“è·¯æ‡‰ç¦®è®“è¡Œäººï¼è‡ªè¡Œè»Šï¼æ©Ÿè»Šï¼é‡æ©Ÿï¼å°å®¢è»Šï¼è²¨è»Šï¼å¤§è²¨è»Šä»¥ä¸Šç­‰ç´šç‚ºå„ªå…ˆï¼Œå—å‚·çš„ç¸½æ˜¯è¶Šå‰é¢çš„ã€‚éƒ¨åˆ†ç”¨è·¯äººé§•ç…§ç”¨é›è…¿æ›ï¼Œå°å…¶ä»–ç”¨è·¯äººä¸å‹å–„ã€‚æ­£æ–‡ï¼šã€€ã€€æ°‘åœ‹67å¹´ç¦è¡Œæ©Ÿè»Šæ²¿ç”¨è‡³ä»Šï¼Œç•¶æ™‚å› æ©Ÿè»Šæ©Ÿå‹•æ€§ä¸é«˜ï¼Œç‚ºäº†åŠ å¿«è»Šæµï¼Œä¸Šä¸‹ç­å°–å³°æ™‚æ®µç¦è¡Œæ©Ÿè»Šï¼Œè€Œéå…¨å¤©å€™ç¦è¡Œï¼›å…¨çƒåƒ…å‰©ä¸‰å€‹åœ‹å®¶åŸ·è¡Œè»Šç¨®åˆ†æµï¼Œå°ç£å°±æ˜¯å…¶ä¸­ä¹‹ä¸€ã€‚å¦‚ä»Šæ©Ÿè»Šæ©Ÿå‹•æ€§é«˜ï¼Œå»åªèƒ½è¡Œé§›æœ€å¤–å´è»Šé“ï¼Œå¿…é ˆå’Œå…¬è»Šã€è¨ˆç¨‹è»Šã€è·¯é‚Šè‡¨åœè»Šè¼›ç­‰çˆ­é“ï¼Œæ˜¯ç‚ºæ©Ÿè»Šæ—å¸¶ä¾†å®‰å…¨ï¼Œé‚„æ˜¯å‚·å®³ï¼Ÿã€€ã€€åœ¨åŸ·è¡Œè»Šé€Ÿåˆ†æµå‰ï¼Œè«‹å‹™å¿…å°‡åœ‹æ°‘çš„äº¤é€šç´ è³ªæå‡å†æå‡ï¼é«˜é€Ÿå…¬è·¯å°±æ˜¯ä¸€å€‹è»Šé€Ÿåˆ†æµçš„ä¾‹å­ï¼Œä½†æœ‰ç™¼æ®åˆ°è»Šé€Ÿåˆ†æµçš„æœ¬è³ªå—ï¼Ÿæ‰€ä»¥é§•é§›äººæ‰æ˜¯é—œéµï¼Œè€Œä¸æ˜¯è»Šç¨®ï¼Œé€™æœ‰é—œæ•™è‚²ã€å®£å°ã€åˆ¶è£ã€å’Œæ°‘ä¿—ç´ é¤Šç­‰ï¼›å…ˆä¸ç®¡æ”¹é©ï¼Œåœ‹æ°‘äº¤é€šç´ è³ªæå‡ï¼Œç‚ºç¬¬ä¸€å„ªå…ˆï¼åœ–ç‰‡å‡ºè™•ï¼šgoogleåœ–ç‰‡å¼•ç”¨é€£çµæ–‡ç« :è‡ªç”±æ™‚å ± ã€Œè‡ªç”±é–‹è¬›ã€æ¾³æ´²åœ‹ç«‹å¤§å­¸åšå£«ç”Ÿè‘—,"å€‹äººå°é“è·¯çš„å®šç¾©æ˜¯ï¼Œèƒ½å¾ï¼¡é»å¿«é€Ÿåˆ°é”ï¼¢é»å¦‚æ­¤è€Œå·²ï¼Œè»Šé€Ÿåˆ†æµçš„é‡è¦å°±æ˜¯èˆ’ç·©äº¤é€šå£…å¡ï¼Œä¸æ˜¯å³è½‰è»Šè·Ÿç›´è¡Œè»Šå¡åœ¨è·¯å£ã€‚
æ©Ÿè»Šå’Œé‡æ©Ÿï¼Œæ§‹é€ å’Œæ€§è³ªç›¸ä¼¼ï¼Œä»¥ä¸‹ç”¨äºŒè¼ªä»£ç¨±

äºŒè¼ªèƒ½æ”¹å–„äº¤é€šå£…å¡
äºŒè¼ªä½¿ç”¨ç©ºé–“å°ï¼Œç©ºé–“ä¸Šå¯ä½¿ç”¨åˆ°æ¥µå¤§åŒ–ï¼Œé›™è´å•Šï¼ï¼ˆï½ï¼‰è»Šé™£æ™‚å¯é‘½è»Šç¸«ï¼ˆï½‚ï¼‰åœè»Šç©ºé–“å°ï¼ˆæ”¯æŒä½¿ç”¨è€…ä»˜è²»ï¼‰
äºŒè¼ªæ’æ”¾é‡å°ï¼Œæ²’å†·æ°£ï¼Œä¸æœƒå¾…é€Ÿå¹å†·æ°£ï¼Œé€ æˆä¸å¿…è¦çš„ç©ºæ°£æ±™æŸ“
å°ç£æ–‡åŒ–é›¢ä¸é–‹äºŒè¼ªï¼Œç™¼æšå…‰å¤§ä¸æ˜¯æ›´å¥½ï¼Ÿå¸Œæœ›æ”¿åºœèƒ½å¸¶å¥½é¢¨å‘ï¼Œæˆ‘å°ç£äººï¼Œæˆ‘é©•å‚²ï¼
",5079,5000,2016-04-21 22:41:43,642,0,ç„¡,è±†æ¼¿,"When the times and technology are constantly advancing, the law and the system must keep up as soon as possible in order to ensure the rights and interests of the people. Premise: All types of vehicles on the road are just means of transportation, and there is no distinction between high and low. Now we take motorcycles as an example for the public. Respect the safety of other passers-by, and the road should give way to pedestrians > bicycles > locomotives > heavy machinery > passenger cars > trucks > large trucks and above. Some passers-by's driver's licenses are exchanged for chicken legs, which is not friendly to other passers-by. Main text: The ban on locomotives in 1967 is still in use today. At that time, due to the low mobility of locomotives, in order to speed up the traffic flow, locomotives were banned during peak commuting hours instead of all-weather. There are only three countries in the world that implement the division of vehicle types, and Taiwan is one of them. Nowadays, motorcycles are highly maneuverable, but they can only drive in the outermost lane. They have to compete with buses, taxis, and vehicles parked on the side of the road. Does this bring safety or harm to motorcycle owners? Before implementing the speed diversion, please be sure to improve the traffic quality of the people! Expressway is an example of speed diversion, but has the essence of speed diversion been brought into play? So driving talent is the key, not the type of car, which is related to education, publicity, sanctions, and folk literacy, etc. Regardless of reform, improving the quality of national transportation is the first priority! Image source: google Image Citation Link Article: Liberty Times ""Freedom to speak"" by a doctoral student at Australian National University","Execute ""vehicle speed split"" and cancel ""vehicle type split""",4,Traffic&Cars,4,6,8,Traffic&Cars,government&china,education
1305,2017-03-15 16:05:20,https://join.gov.tw/idea/detail/9e9bff81-a1ce-4812-9270-b5936285465a,æå‡å…¨æ°‘è¡Œè»Šè§€å¿µï¼Œä»¥æå‡å…¨æ°‘è¡Œè»Šç’°å¢ƒå“è³ªï¼Œè§£é™¤ç¦è¡Œæ©Ÿæ…¢è»Šé“ï¼Œè§£é™¤å¼·åˆ¶äºŒæ®µå¼å·¦è½‰,"1.ç›¸ä¿¡å¤§å®¶ä¹‹å‰éƒ½æœ‰çœ‹åˆ°ä¸€å‰‡æ–°èï¼ŒçœŸçš„æ˜¯è¦‹è­˜åˆ°å°ç£æ°‘çœ¾é–‹(é¨)è»Šçš„è§€å¿µæ¥µå·®è‡³æ¥µï¼Œæ—¥å‰åœ¨é«˜é›„ï¼Œæœ‰ä¸€å°æ±½è»Šç‚ºäº†æ¶å¿«é—–ç´…ç‡ˆï¼Œæ©Ÿè»Šé§•é§›å•æ±½è»Šé§•é§›ï¼Œæ²’çœ‹åˆ°ä½ å€‘è®Šç´…ç‡ˆå—?æ±½è»Šé§•é§›å›è¦†ï¼Œæ²’æœ‰å•Šæˆ‘çäº†é˜¿ï¼Œè»Šä¸Šé‚„åäº†æ±½è»Šé§•é§›çš„å°å­©ã€‚é€™ç¨®é§•é§›äººçš„è§€å¿µï¼Œå¯¦åœ¨ä»¤äººé«®æŒ‡ï¼ å¸Œæœ›æ”¿åºœèƒ½æ¨å‹•ä¸€ç³»åˆ—çš„å®‰é§•è¬›ç¿’ï¼Œä¾‹å¦‚æ–°ç«¹å®‰é§•ä¸­å¿ƒï¼Œä»¥æ–°ç«¹å®‰é§•ä¸­å¿ƒç‚ºä¸»ï¼Œè¦åŠƒä¸€ç³»åˆ—çš„å®‰å…¨é§•é§›è¬›åº§ï¼Œå„ç¸£å¸‚ä¾‹å¦‚ç›£ç†ç«™ç‚ºè¼”ï¼Œè¼”åŠ©è¬›åº§çš„è½å¯¦ï¼Œä»¥æå‡å…¨å°æ°‘çœ¾é§•é§›è§€å¿µï¼Œé™ä½""ä¸‰å¯¶è»Šç¦çš„ç™¼ç”Ÿ""2.è—‰ç”±æå‡é§•é§›çš„è§€å¿µï¼Œè§£é™¤ç¦è¡Œæ©Ÿæ…¢è»Šé“ï¼Œé™ä½æ©Ÿè»Šè¡Œé§›æ–¼å¤–å´è»Šé“ï¼Œèˆ‡é•åœè»Šè¼›é€ æˆçš„æ“¦æ’èˆ‡æ‘©æ“¦ã€‚3.è§£é™¤å¼·åˆ¶äºŒæ®µå¼å·¦è½‰ï¼Œä½¿æ±½/æ©Ÿè»Šé§•é§›éƒ½èƒ½å¤ æœ‰æœ€æœ‰æ•ˆç‡ï¼Œæœ€å®‰å…¨çš„æ–¹å¼å›å®¶/ä¸Šç­ã€‚å¾…è½‰å€è®Šæˆå¾…æ’å€",1.è—‰ç”±æå‡å…¨æ°‘çš„å®‰å…¨é§•é§›è§€å¿µï¼Œå¯ä½¿æ±½/æ©Ÿè»Šï¼Œèƒ½å¤ å®‰å…¨ï¼Œå’Œå¹³çš„å…±ç”¨è»Šé“ï¼Œä¹Ÿå¯ä»¥ç”¨æœ€æœ‰æ•ˆç‡çš„æ–¹å¼é”åˆ°æœ€é«˜çš„äº¤é€šç–é€šé‡ï¼Œä¸éœ€è¦åœ¨æŒªç¶“è²»å‡ºä¾†åœ¨è·¯é¢ä¸Šå¯«é€²è¡Œè»Šæ…¢è»Š2.è§£é™¤ç¦è¡Œæ©Ÿæ…¢è»Šé“å¾Œï¼Œå› æå‡è¡Œè»Šè§€å¿µï¼Œä½¿æ±½/æ©Ÿè»Šå¯ä»¥å’Œå¹³å…±é“ï¼Œèƒ½å¤ çœä¸‹æ›´å¤šçš„ç¶“è²»é–‹é—¢æ–°çš„ä¸€æ¢æ©Ÿæ…¢è»Šç¹é“1.å¯ä»¥çœå»æ›´å¤šçš„é“è·¯ç¶­ä¿®ä¿é¤Šç¶“è²»2.å¯ä»¥æ¸›å°‘æ›´å¤šçš„ç’°å¢ƒç ´å£3.å·¦è½‰å¾€å·¦é‚Šè»Šé“é ï¼Œå³è½‰å¾€å³é‚Šè»Šé“é ï¼Œé€™æ˜¯æœ€åŸºæœ¬çš„è§€å¿µï¼Œä½†å¾€å¾€è¨±å¤šæ±½è»Šé§•é§›å› ç‚ºå¤–å´æœ‰æ©Ÿè»Šï¼Œè€Œå°è‡´éƒ½è¦åˆ°è·¯å£æ‰èƒ½åœä¸‹ä¾†ç·©æ…¢é€šéï¼Œåœ¨ç·©æ…¢é€šéçš„æœŸé–“ï¼Œè¢«ä»–è½‰å½ä¸­é˜»æ“‹çš„æ±½/æ©Ÿè»Šé§•é§›ï¼Œéƒ½éœ€è¦å› ç‚ºä»–è€Œæ¸›é€Ÿï¼Œé™ä½äº¤é€šçš„æ•ˆç‡ï¼Œå› æ­¤è½å¯¦å·¦è½‰é å·¦ã€å³è½‰é å³ï¼Œä¸åƒ…åƒ…æ˜¯æ±½è»Šé§•é§›æ‰éœ€è¦åšåˆ°ï¼Œæ©Ÿè»Šé§•é§›ä¹Ÿå¯ä»¥åšåˆ°ï¼Œä»¥Youtubeé€£çµç‚ºä¾‹(ç‰¹åˆ¥æ„Ÿè¬TaibeiMotoï¼å°åŒ—æ‘©å¤šæˆæ¬Šæä¾›):å®‰å…¨å·¦è½‰æ©Ÿè»Šä¹Ÿæ˜¯èƒ½å¤ åšåˆ°çš„ï¼Œåœ¨å…¨æ°‘é§•é§›è§€å¿µçš„æå‡å¾Œï¼Œå¥½è™•ä¸å‹æšèˆ‰ã€‚æå‡å…¨æ°‘è¡Œè»Šè§€å¿µï¼š1.æ±½/æ©Ÿè»Šèƒ½å¤ å®‰å…¨å…±é“ï¼Œæœ‰æ•ˆç‡çš„æå‡äº¤é€šç–å°é‡2.ç„¡é ˆå¤šæŒªå‡ºç¶“è²»ç¶­è­·ä¿é¤Šå¤šå‡ºä¾†çš„ç¹é“ï¼Œä»¥åŠåœ¨è·¯é¢ä¸Šå¯«é€²è¡Œæ©Ÿæ…¢è»Šé“3.ä½¿æ©Ÿè»Šä¹Ÿèƒ½å¤ å®‰å…¨å·¦è½‰ï¼Œç„¡é ˆå†å¤šæŒªå‡ºç¶“è²»è¨­ç½®å¾…è½‰å€è§£é™¤ç¦è¡Œæ©Ÿæ…¢è»Šé“ï¼š1.ä½¿æ©Ÿè»Šèƒ½å¤ å®‰å…¨è¡Œé§›æ–¼è»Šé“å…§ï¼Œä¸å¿…è¢«å¼·åˆ¶è¦å®šè¡Œé§›æ–¼å¤–å´ï¼Œå°è‡´èˆ‡å¤–å´é•åœè»Šè¼›ç™¼ç”Ÿæ“¦æ’ï¼Œæ›´å®‰å…¨2.å¯ä»¥å°‡å¤–å´è»Šé“è¦ç•«æˆæ›´å¤šçš„åœè»Šæ ¼èˆ‡è»Šé“æœ‰æ‰€å€éš”ï¼Œä½¿æ‰€æœ‰è»Šè¼›éƒ½èƒ½å¤ å®‰å…¨è¡Œé§›ï¼Œä¹Ÿèƒ½ç›¸å°è§£æ±ºåœè»Šå•é¡Œè§£é™¤å¼·åˆ¶äºŒæ®µå¼å·¦è½‰ï¼š1.ç„¡é ˆå› ç‚ºæ±½è»Šé§•é§›ææƒšï¼Œè€Œä½¿å¾…è½‰å€è®Šæˆå¾…æ’å€ï¼Œæ›´å®‰å…¨2.ç­‰åˆ°è·¯å£ç„¡è»Šï¼Œæˆ–æ˜¯å·¦è½‰ç‡ˆè™Ÿäº®èµ·ç›´æ¥å·¦è½‰ï¼Œæå‡è¡Œè»Šæ•ˆç‡,5397,5000,2017-03-15 16:05:31,486,0,ç„¡,æ¥Šå°æ¨º,"1. I believe everyone has seen a piece of news before. I really saw that the concept of driving (riding) cars in Taiwan is extremely bad. In Kaohsiung a few days ago, a car ran a red light in order to rush. This kind of driver's concept is really outrageous! It is hoped that the government can promote a series of safe driving lectures, such as the Hsinchu Safe Driving Center. The Hsinchu Safe Driving Center will plan a series of safe driving lectures, and the counties and cities, such as supervision stations, will assist in the implementation of the lectures, so as to improve the driving concept of the entire Taiwan people and reduce the occurrence of ""Sambo car accidents"". 3. Remove the forced two-stage left turn, so that the car/locomotive driver can have the most efficient and safest way to go home/work. Waiting area becomes waiting area","Promote the concept of driving for the whole people to improve the quality of the driving environment for the whole people, lift the slow lane of prohibited traffic, and lift the mandatory two-stage left turn",4,Traffic&Cars,4,6,7,Traffic&Cars,government&china,tax&salary
1418,2017-04-08 13:02:51,https://join.gov.tw/idea/detail/7b6acbe5-93f5-4e6c-b4a9-d3f6c4e05c80,è«‹æ±‚å…§æ”¿éƒ¨ç©ºå‹¤ç¸½éšŠè¨­é§æ†æ˜¥æ©Ÿå ´,æ†æ˜¥åŠå³¶é›¢æœ€è¿‘å¤§éƒ½å¸‚ç´„120å…¬é‡Œï¼Œç„¡é«˜éµç„¡å¿«é€Ÿé“è·¯ï¼Œå±…æ°‘è‹¥ç™¼ç”Ÿæ€¥é›£åªèƒ½é æ•‘è­·è»Šå¾Œé€é«˜é›„4æœˆ1è™Ÿåœ¨é—œå±±æ™‚èˆæ°‘å®¿å‰é¢é‚£å ´è»Šç¦.æ©Ÿè»Šé¨å£«åœ¨é€å¾€é«˜é›„ç¾©å¤§é€”ä¸­å› å‚·å‹¢åš´é‡ä¸­é€”è½‰å¾€æ±æ¸¯å®‰æ³°æ€¥æ•‘æ™‚.å·²å®£å‘Šä¸æ²»äº† è¶³ä»¥èªªæ˜å¾Œé€å•é¡Œ! 4æœˆ5æ—¥çš„è»ŠåŸæ½›å®¢æœç´¢ï¼Œè‹¥ç”±æ†æ˜¥é§åœ°èµ·é£›ï¼Œå¯çœå»å¾ç¹å¿™çš„é«˜é›„å°æ¸¯åœ‹éš›æ©Ÿå ´èµ·é£›å½±éŸ¿çš„æ­£å¸¸èˆªç­(4æœˆ5æ—¥å› ç‚ºç©ºå‹¤104æœç´¢ä»»å‹™å½±éŸ¿èµ·ç¢¼6å€‹æ­£å¸¸èˆªç­)è‹¥ç©ºå‹¤ç¸½éšŠå…¥é§æ†æ˜¥æ©Ÿå ´ï¼Œä¸€ä¾†å¯åŒ–è§£æ†æ˜¥æ©Ÿå ´æ·ªç‚ºèšŠå­æ©Ÿå ´ä¹‹æ±™åï¼ŒäºŒä¾†å¯è§£æ±ºæ°‘é–“è¦æ±‚å¿«é€Ÿé“è·¯å»¶ä¼¸(ç‚ºäº†å¾Œé€å•é¡Œ)è«‹é•·å®˜å€‘è€ƒæ…®ä¸€ä¸‹ï¼Œé§åœ°ä¸€å¹´é ç®—å¤§ç´„2å„„ï¼Œå¯è§£æ±ºæ°‘é–“è¦æ±‚ä¹‹éœ€è¦é ç®—900å„„ï¼Œå“ªä¸€å€‹åˆ’ç®—? æ†æ˜¥æ©Ÿå ´ è¨­ç½®ç›´å‡æ©Ÿèµ·é™é»ç‚º24å°æ™‚å‡å¯ä½¿ç”¨! ç‚ºä½•ä¸æ´»åŒ–?å–„ç›¡æ©Ÿå ´è·èƒ½?,è‹¥ç©ºå‹¤ç¸½éšŠé€²é§æ†æ˜¥æ©Ÿå ´ï¼Œä»¥æœ€æ–°çš„701-706é€™å…­æ¶é»‘é·¹ç›´å‡æ©Ÿä¾†èªªï¼Œæœ€å¤§èµ·é£›é™åˆ¶ç‚º35æµ¬çš„é¢¨ï¼Œé€™å·²å¤§æ–¼æ†æ˜¥æ©Ÿå ´è¿‘5å¹´ä¾†è§€æ¸¬åˆ°çš„æœ€å¤§é¢¨é€Ÿ!ä¹Ÿå°±æ˜¯èªªï¼Œè‹¥ç”¨MH-60Mæ©Ÿå‹å¯åœ¨æ†æ˜¥æ©Ÿå ´é•·é§!æ•‘è­·è»Šå¾æ†æ˜¥å¾Œé€é«˜é›„ 1.3å°æ™‚è‹¥æ˜¯ç”±ç©ºå‹¤å¾Œé€é«˜é›„ 20åˆ†é˜å¯åˆ°é‡‘é–€ æ¾æ¹– å¯ç”±ç©ºå‹¤ç·Šæ€¥å¾Œé€ï¼Œç‚ºä½•æ†æ˜¥åŠå³¶å°±ä¸è¡Œ?åªå› ç‚ºæˆ‘å€‘é€£åœ¨ä¸€èµ·ï¼Œç®—æœ¬å³¶?å·®åˆ¥å¾…é‡å—?,8449,5000,2017-04-08 13:03:55,295,0,ç„¡,Robin Hsu,"The Hengchun Peninsula is about 120 kilometers away from the nearest metropolis. There is no high-speed rail or expressway. Residents can only rely on ambulances to evacuate Kaohsiung in case of emergency. On April 1, the car accident in front of Guanshan Shiwu B&B. Regular flights affected by takeoff at the international airport (at least 6 normal flights were affected by Aircrew 104 search mission on April 5). If the air crew enters Hengchun Airport, it will firstly resolve the stigma that Hengchun Airport has become a mosquito airport, and secondly, it can solve the private request for express road extension (for the evacuation problem). Revitalization? Exercising airport functions?",Request the Ministry of the Interior Air Force Corps to be stationed at Hengchun Airport,4,Traffic&Cars,4,6,7,Traffic&Cars,government&china,tax&salary
1483,2017-04-21 19:15:53,https://join.gov.tw/idea/detail/06661595-83c3-4a2a-b26f-535bc70c9a76,é–‹æ”¾ç´…é»ƒç‰Œé‡æ©Ÿå¯åœæ–¼ä¸€èˆ¬æ©Ÿè»Šæ ¼,ä¹‹å‰å°åŒ—å¸‚æ”¿åºœæœ‰é–‹æ”¾éƒ¨åˆ†è·¯æ®µå¢è¨­å¤§å‹é‡æ©Ÿåœè»Šæ ¼ï¼Œä½†æ˜¯éš¨è‘—æ”¿ç­–é–‹æ”¾ï¼Œè¶Šä¾†è¶Šå¤šäººå·²ç¶“æ“æœ‰å¤§å‹é‡æ©Ÿé§•ç…§ï¼Œä¹Ÿè¶Šä¾†è¶Šå¤šäººé§•é§›å¤§å‹é‡æ©Ÿï¼Œä¾ç…§ç›®å‰çš„åœè»Šä½è¦åŠƒæ ¹æœ¬æ˜¯ä¾›ä¸æ‡‰æ±‚ï¼Œè‹¥æ˜¯è®“å¤§å‹é‡æ©Ÿåœæ–¼æ±½è»Šæ ¼æ˜¯æµªè²»å…¬å…±ç©ºé–“çš„ä½œæ³•ï¼Œå¸Œæœ›å¯ä»¥æ›´æœ‰æ•ˆç‡çš„ä½¿ç”¨å…¬å…±åœè»Šç©ºé–“ï¼Œå†èªªç›®å‰å¤§å‹é‡æ©Ÿæ‰€éœ€è¦åœè»Šç©ºé–“èˆ‡ä¸€èˆ¬æ©Ÿè»Šä¸¦ç„¡å¤ªå¤§å·®ç•°ï¼Œæ˜¯å¯ä»¥å…±åŒä½¿ç”¨ï¼Œæ‡‡è«‹ä¿®æ”¹æ©Ÿè»Šåœè»Šæ ¼ä½¿ç”¨è¦ç¯„ï¼Œå°‡å¤§å‹é‡æ©Ÿç´å…¥å¯åœæ”¾ä¹‹ä¸€ï¼Œæœ‰æ•ˆä½¿ç”¨åœè»Šç©ºé–“ï¼Œè€Œä¸æœƒé€ æˆå¤§å‹é‡æ©Ÿé¨å£«å›°æ“¾ï¼Œè¬è¬ã€‚,å¯ä»¥æ´»åŒ–åˆ©ç”¨æ©Ÿè»Šåœè»Šç©ºé–“ï¼Œä¸å¿…é‡æ–°å¢è¨­å¤§å‹é‡æ©Ÿåœè»Šç©ºé–“ï¼Œä¹Ÿä¸æœƒæ’æ“ åˆ°ç›®å‰å·²ç¶“å­˜åœ¨ä¹‹æ±½è»Šåœè»Šæ ¼ï¼Œä¹Ÿå¯ç¯€çœå¢è¨­å¤§å‹é‡æ©Ÿåœè»Šæ ¼ç¶“è²»ï¼ŒæŠŠç¶“è²»ç”¨åœ¨å°çš„åœ°æ–¹ï¼Œäº¦å¯è®“å¤§å‹é‡æ©Ÿé¨å£«å¯ä»¥æœ‰ç©ºé–“åœè»Šã€‚,5089,5000,2017-04-21 19:16:02,267,0,ç„¡,He Andy,"Previously, the Taipei City Government opened some roads to add large-scale heavy-duty motorcycle parking spaces. However, with the opening of the policy, more and more people already have a large-scale heavy-duty motorcycle driverâ€™s license, and more and more people drive large-scale heavy-duty motorcycles. According to the current parking space planning, the supply is in short supply. If large-scale heavy-duty motorcycles are parked in the car grid, it is a waste of public space. I hope that the public parking space can be used more efficiently. Besides, the parking space required by large-scale heavy-duty motorcycles is not much different from that of ordinary motorcycles. They can be used together. One, effectively use the parking space without causing trouble to the riders of large heavy machines, thank you.",Red and yellow licensed heavy machines can be parked in general locomotive grids,4,Traffic&Cars,4,1,6,Traffic&Cars,basicNeeds,government&china
1562,2017-05-01 00:07:03,https://join.gov.tw/idea/detail/5e2716e2-d66d-49b0-aa3b-7e2c72b7d8dc,é–‹æ”¾å¤§å‹é‡å‹æ©Ÿè»Šä½¿ç”¨æ©Ÿè»Šåœç­‰å€,æ©Ÿè»Šåœç­‰å€ç‚ºä¸€å°ˆä¾›æ©Ÿè»Šåœç­‰çš„å€å¡Šè®“èµ·æ­¥åŠ é€Ÿè¼ƒå¿«çš„æ©Ÿè»Šå¯ä»¥å„ªå…ˆèµ·æ­¥ä¿ƒé€²é«”ç©è¼ƒå°çš„æ©Ÿè»Šåœ¨è»Šé™£ç•¶ä¸­çš„æµå‹•ç·©è§£äº¤é€šå£…å¡æé«˜æ•´é«”è»Šæµæ•ˆç‡  ç¶“èˆ‡åœç­‰å€è¨­è¨ˆè€…ç•¶é¢ç¢ºèªéå¾Œåœ¨è¨­è¨ˆåŸç†ä¸Šæ­¤ä¸€å€å¡Šä¾›æ‰€æœ‰æ©Ÿè»Šä½¿ç”¨ç´…é»ƒç‰Œäº¦å¯ä½¿ç”¨åœç­‰å€ä¸”åŒæ¨£æœ‰ç·©è§£å£…å¡çš„æ•ˆæœ  ç›®å‰åˆ¶åº¦æŠŠæ­¤ç¨®åˆç†ä¸”æœ‰åˆ©æ–¼äº¤é€šçš„è¡Œç‚ºåˆ¤å®šç‚ºé•è¦ï¼Œä¸¦ä¸”é ˆç¹³ç´ç½°æ¬¾æ©Ÿè»Šä¸èƒ½ä½¿ç”¨æ©Ÿè»Šåœç­‰å€å®Œå…¨ä¸åˆç†è¨­è¨ˆè€…å°æ­¤ä¸€ç¾æ³äº¦æ„Ÿåˆ°ååˆ†è¨ç•°  å¸Œæœ›æ”¿åºœå¿…é ˆç›¡é€Ÿé–‹æ”¾å¤§å‹é‡å‹æ©Ÿè»Šå¯æ–¼æ©Ÿè»Šåœç­‰å€åœç­‰ç´…ç‡ˆä¸”æ–¼ä¿®æ³•å®Œæˆå‰åœæ­¢å–ç· å¤§å‹é‡å‹æ©Ÿè»Šæ–¼æ©Ÿè»Šåœç­‰å€åœç­‰ç´…ç‡ˆ,æé«˜é“è·¯é¢ç©åˆ©ç”¨ç‡ï¼Œæ¸›ç·©å¡è»Šï¼Œä¿ƒé€²äº¤é€šæ•ˆç‡,5931,5000,2017-05-01 00:08:39,227,0,ç„¡,æ—å¿—å­¸,"The waiting area for locomotives is a block for locomotives to wait for, so that the faster-starting locomotives can start first to promote the flow of smaller locomotives in the queue to ease traffic congestion and improve the overall traffic flow efficiency. After confirming with the designer of the waiting area face to face, the design principle is that this area is for all locomotives to use the waiting area with red and yellow cards, and it also has the effect of relieving congestion. The completely unreasonable design is also very surprised by this situation. I hope the government must open up large and heavy motorcycles as soon as possible to stop at the red light in the motorcycle waiting area and stop banning large heavy motorcycles in the motorcycle waiting area to wait for the red light before the amendment is completed.",Locomotive Parking and Waiting Areas Open for Large Heavy Locomotives,4,Traffic&Cars,4,6,1,Traffic&Cars,government&china,basicNeeds
2104,2017-08-02 20:16:50,https://join.gov.tw/idea/detail/1705179f-788d-4e86-89c1-c60ceddf33aa,é–‹æ”¾150ccæ©Ÿè»Šè·¯æ¬Š,2002å¹´1æœˆ1æ—¥-å°ç£æ­£å¼æˆç‚ºWTOæœƒå“¡åœ‹ï¼Œ150CCä»¥ä¸Šé‡å‹æ©Ÿè»Šå°‡æ–¼åŒå¹´7æœˆ 1æ—¥é–‹æ”¾é€²å£ï¼ŒåŒæ™‚å°ç£æ”¿åºœé™„å¸¶æ‰¿è«¾ã€Œ150CCä»¥ä¸Šé‡å‹æ©Ÿè»Šæœª ä¾†ä¹‹é¨ä¹˜é™åˆ¶ï¼Œä¸€èˆ¬åƒ…é™æ–¼ç¾æœ‰å…©æ¢å—åŒ—å‘ä¸»è¦é«˜é€Ÿå…¬è·¯ã€ã€‚ 150ccä»¥ä¸Šç´šè·è»Šè¼›è¶³ä»¥æ‡‰ä»˜å¾—äº†å¿«è»Šé“ï¼ˆé™é€Ÿ40ã€50ã€60ã€70å…¬é‡Œï¼‰/é«˜æ¶ï¼ˆé™é€Ÿ70- 80å…¬é‡Œï¼‰/å¿«é€Ÿã€é“è·¯ã€å…¬è·¯ï¼ˆé™é€Ÿ70ã€80ã€90å…¬é‡Œï¼‰ ä»¥é€™äº›å…¬é‡Œé€Ÿ150ccä»¥ä¸Šè»Šè¼›è¶³ä»¥æ‡‰ä»˜è¼•é¬†æŠµé”é€™äº›æ™‚é€Ÿè·Ÿé™é€Ÿ ã€‚ åˆ¥å†èªªäº¤é€šå·¥å…·æœ‰å•é¡Œ æœ‰å•é¡Œæ˜¯å®˜å“¡æ€æƒ³æœ‰å•é¡Œè·Ÿäº¤é€šå·¥å…·é§•é§›äººç´ é¤Šè·Ÿè§€å¿µæœ‰å•é¡Œ 30åˆ†é˜èƒ½åˆ°çš„è·¯ç¨‹å»è¦èŠ±è²»1å€‹å¤šå°‘å°æ™‚è·¯ç¨‹ï¼Œ çˆ­å–çš„æ˜¯æ“æœ‰å®‰å…¨çš„é“è·¯å›å®¶ã€‚ åˆ¥èªªé«˜é€Ÿå…¬è·¯é€£æœ€åŸºæœ¬çš„è·¯æ¬Šéƒ½æ²’æœ‰ï¼ˆå¿«è»Šé“/äºŒæ®µå¼å·¦è½‰ï¼‰ï¼Œ æ¯å¹´éƒ½æœ‰ç¹³äº¤ç‰Œç…§ç¨…å»ä¸€é»è·¯æ¬Šéƒ½æ²’æœ‰ åŠ å…¥15å¹´äº†äº¤é€šéƒ¨ä¸€é»å‹•ä½œéƒ½æ²’æœ‰ç¨…é‡‘æ”¶çš„é€™éº¼é–‹å¿ƒäººæ°‘æ¬Šç›Šå—æ æœ‰é¡§åˆ°å—ã€‚ æ—¢ç„¶ä¸é–‹æ”¾è·¯æ¬Šå°±åˆ¥è·Ÿæˆ‘å€‘æ”¶ç¨…,"é™ä½å¡è»Š/é™ä½è»Šç¦ 
è·¯æ˜¯äººæ°‘å…±äº«ä¸¦ä¸æ˜¯æŠŠæ©Ÿè»Šæ—åˆ—ç‚ºæ¬¡ç­‰å…¬æ°‘å°å¾… 
æ“æœ‰å®‰å…¨é“è·¯ä¸Šä¸‹ç­å›å®¶é€šå‹¤ã€æ“æœ‰å®‰å…¨é“è·¯ä¾†æ—…éŠä¾†çœ‹å°ç£çš„ç¾é™ä½å»¢æ°£æ’æ”¾é‡",5178,5000,2017-08-02 20:17:29,492,0,ç„¡,è·¯æ¬Šæˆ°ç¥,"January 1, 2002 - Taiwan officially became a member of the WTO. Heavy-duty motorcycles above 150CC will be opened for import on July 1 of the same year. At the same time, the Taiwan government has promised that ""the future riding restrictions on heavy-duty motorcycles above 150CC will generally be limited to the existing two major north-south expressways."" Vehicles with a class distance above 150cc are enough to handle fast lanes (speed limit 40, 50, 60, 70 kilometers) / elevated (speed limit 70-80 kilometers) / express, roads, highways (speed limit 70, 80, 90 kilometers). Vehicles above 150cc at these kilometers speeds are sufficient to easily reach these speeds and speed limits. Donâ€™t say that there is a problem with the means of transportation. The problem is that the officials have a problem with their thinking and the quality and concept of the vehicle driver. It takes an hour to get there in 30 minutes. What we strive for is to have a safe road to go home. Not to mention that the expressway does not even have the most basic right of way (fast lane/two-stage left turn), and the license tax is paid every year, but there is no right of way at all. It has been 15 years since I joined the Ministry of Communications and there is no tax collection. The people's rights are damaged. Have you taken care of it? Since the right of way is not open, don't collect taxes from us",Open the right of way for 150cc locomotives,4,Traffic&Cars,4,6,7,Traffic&Cars,government&china,tax&salary
3465,2017-11-14 16:17:22,https://join.gov.tw/idea/detail/e238652d-8209-42dc-8896-3e081c0e16ec,æ±½è»Šå®‰å…¨æ€§æ”¹è£å…§å®¹å¦‚ä¸‹é …æ¬¡,"æ±½è»Šå®‰å…¨æ€§æ”¹è£å…§å®¹å¦‚ä¸‹é …æ¬¡:1. æ±½è»Šé¿éœ‡å™¨æå‡å®‰å…¨å®‰è£2. æ±½è»Šè¼ªèƒå°ºå¯¸åŠ å¤§3. æ±½è»Šå¯¬é«”æ”¹è£åŠæ°£æµè¨­è¨ˆ4. å‰è»Šå®‰å…¨æ€§æå‡æ”¹è£5. æ±½è»Šå…§éƒ¨çµæ§‹æ¡¿å¼·åŒ–æ”¹è£6. æ±½è»Šç‡ˆå…·æ˜äº®åº¦æå‡æ”¹è£ç›¸å°æ”¹è£çš„å®‰å…¨æ€§æå‡åƒ¹å€¼1. æ±½è»Šé¿éœ‡å™¨æ”¹è£:ç¾ä»Šåœ‹ç”¢åŸå» è»Šæä¾›ä¹‹é¿éœ‡å™¨å®‰å…¨ä¿‚æ•¸æ™®éåä½ï¼Œé«˜æ–¼èˆ’é©ä½†æ˜¯è€å£“æ•ˆæœå»ä¸å¦‚é æœŸï¼Œä½¿ç”¨ä¸€æ®µæ™‚é–“å¾Œé˜»å°¼å™¨å®¹æ˜“åè»Ÿå°è‡´è»Šèº«æ“æ§è®Šå·®ï¼Œåœ¨æ–¼ç‰¹æ®Šç‹€æ³ç™¼ç”Ÿæ™‚ç„¡æ³•æœ‰æ•ˆæ“æ§è»Šèº«ä»¥é¿å…äº‹æ•…ç™¼ç”Ÿï¼Œåœ‹å®¶åˆæ³•è²©è³£é¿éœ‡å™¨å®‰è£å»ä¸åˆä¹æ³•è¦å¯¦åœ¨ä»¤äººç„¡æ³•æ¥å—ï¼åˆæ³•è²©è³£ç†æ‡‰åˆæ³•å®‰è£ã€‚å°æ–¼è²·ä¸èµ·é«˜åƒ¹è»Šçš„æ°‘çœ¾æ˜¯çµ•å°æœ‰æ¬Šåˆ©é¸æ“‡æå‡è‡ªå·±é§•é§›å·¥å…·çš„å®‰å…¨æ€§ï¼Œå¦‚æœå®‰å…¨è‡ªå·±ä¹Ÿå®‰å…¨åˆ¥äººçš„æ”¹è£æœ‰ä½•ä¸å¯?2. æ±½è»Šè¼ªèƒå°ºå¯¸åŠ å¤§æ”¹è£æœ‰åŠ©æ–¼æ±½è»Šè¡Œé§›é–“æŠ“åœ°åŠ›çš„è¡¨ç¾ï¼Œåœ¨é§•é§›æ™‚ä¸å®¹æ˜“ç”¢ç”Ÿæ‰“æ»‘å¤±æ§å•é¡Œç™¼ç”Ÿï¼Œåªè¦å±¬æ–¼åˆç†æ”¹è£ç¯„åœå…§åŠä¸å½±éŸ¿è¼ªè½‰å‘æ“æ§æ‡‰ç•¶åˆæ³•å®‰è£ï¼Œä¾ç›®å‰æ³•è¦é™åˆ¶ä¸¦ä¸å±¬æ–¼å°ˆæ¥­ä¸Šçš„æ”¹è£æå‡è€ƒé‡ï¼Œç¾è¡Œç›£ç†æ‰€ç«™ç„¡å°ˆæ¥­äººå“¡è¶³ä»¥åˆ¤æ–·æ±½è»Šè¡Œé§›å®‰å…¨æ¢ä»¶ï¼Œé€™æ¨£çš„å…¬å‹™å–®ä½å½¢åŒè™›è¨­ï¼å°è‡´é»ƒç‰›é©—è»Šç‹€æ³ä¸æ–·ï¼Œæ ¹æœ¬æ˜¯åˆæ³•æ©è­·éæ³•(å…¶ä¸­ç”¢ç”Ÿçš„åˆ©ç›Šé—œä¿‚)3. å¯¬é«”æ”¹è£åŠæ°£æµè¨­è¨ˆç‚ºç¾ä»Šé«˜åƒ¹åŸå» è·‘è»Šçš„è¨­è¨ˆä¸»æµï¼Œå¦‚æœè¶…è·‘éƒ½ä»¥é€™æ–¹é¢ä½œç‚ºè¨­è¨ˆç†å¿µåŠæ¦‚å¿µæ™‚ï¼Œæˆ‘åœ‹æœ‰ä½•å°ˆæ¥­å–®ä½å¯ä»¥èªå®šç‚ºé€™å±¬æ–¼å±éšªæ”¹è£ç”šè‡³ä¸åˆä¹æ³•è¦ï¼Œè²¨è»ŠåŠè¯çµè»Šå«éŠè¦½å®¢è»Šå¤§å‹è»Šç¨®(ç›£ç†ç«™æ‰€è¦–ç‚ºåº•ç›¤è»Šè»Šç¨®)æ–¼æ³•è¦ä¸Šå¯ä»¥åŠ é«˜åŠåŠ å¯¬ï¼Œäº‹å¯¦ä¸Šä»¥å°ˆæ¥­è»Šç¨®æ”¹è£ä¾†åˆ¤æ–·é‡å¿ƒå•é¡Œï¼Œè©²é¡è»Šç¨®å±¬æ–¼é«˜å±éšªæ€§æ”¹è£ï¼Œæ”¿åºœæ©Ÿé—œå…¬ç„¶å…è¨±é•æ³•çš„ç‡Ÿæ¥­è»Šæ”¹è£ï¼ä¸€èˆ¬æ±½è»Šå¯¬é«”æ”¹è£å±¬æ–¼å¢åŠ è»Šåº•ç›¤å¯¬åº¦ç©©å®šæå‡ï¼Œä¸¦å¼•ç”¨æ°£æµè¨­è¨ˆä¾†å¢åŠ è»Šèº«ä¸‹å£“åŠ›ä»¥è‡´ä¿æŒè»Šèº«å®‰å…¨æ€§çš„å¹³è¡¡ã€‚4. ç…è»Šå®‰å…¨æ€§æ”¹è£ï¼Œç›®å‰å¸‚å”®è»Šç¨®å› è»Šå•†å¸Œæœ›æœ‰è¼ƒå¥½çš„æ²¹è€—è¡¨ç¾ï¼Œå¾€å¾€åœ¨ç…è»Šä¸Šæ¸›è¼•é‡é‡åŠæˆæœ¬è€ƒé‡æ›è¼ƒå·®çš„æè³ªï¼Œå¤§å¤šéƒ½ä½¿ç”¨å°è¦æ¨¡é‘„éµç›¤æ­é…å–®é‚Šæ´»å¡å¡é‰—ï¼Œæ­¤ç…è»Šç³»çµ±å®¹æ˜“éç†±å°è‡´ç…è»Šæ•ˆæœå¤§å¹…é™ä½ï¼Œä¹Ÿç”¢ç”Ÿäº†è¨±å¤šçš„è¿½æ’äº‹æ•…ï¼Œè‹¥å¯åˆæ³•æ”¹è£æ•ˆèƒ½æ›´ä½³çŸ¥ç…è»Šç³»çµ±ä¾¿èƒ½é™ä½å› ç…è»Šä¸è¶³è€Œç”¢ç”Ÿä¹‹äº‹æ•…ã€‚5. æ±½è»Šå…§éƒ¨çµæ§‹æ¡¿å¼·åŒ–é˜²æ­¢è»Šèº«åœ¨è¢«ç¢°æ’æ“ å£“ç•¶ä¸­ç”¢ç”Ÿå½¢è®Šï¼Œä½¿å…¶å‚·è€…èƒ½å¤ æé«˜å­˜æ´»æ©Ÿç‡ï¼Œç›®å‰ä¾è³½è»Šæ–¹å¼æ”¹è£å…¶å®‰å…¨æ€§å¤§å¹…æå‡ï¼Œå°æ–¼äº¤é€šå®‰å…¨ä¸Šä¹Ÿèƒ½å¤ æœ‰æ•ˆä¿éšœé§•é§›è€…çš„å®‰å…¨ã€‚6. æ±½è»Šç‡ˆå…·æ˜äº®åº¦æ”¹è£ç›®å‰ç¾è¡Œæ³•è¦ä¹Ÿé–‹å§‹è¦æ±‚æ°‘çœ¾é ˆåŠ è£æ—¥è¡Œç‡ˆï¼Œå°ç£ç›£ç†å–®ä½å«æ‰€åŒ…å«äº¤é€šéƒ¨éƒ½æœªæœ‰ç›¸é—œå°ˆæ¥­äººå£«ä¾†åˆ¤æ–·æ˜¯å¦æ”¹è£æ±½è»Šæœƒå½±éŸ¿è¡Œè»Šå®‰å…¨ã€‚çµè«–:ç¾åœ¨äº¤é€šæ³•è¦ä¸åˆæ™‚å®œï¼Œå°æ–¼æ±½è»Šå®‰å…¨æ”¹è£ä¸€å¾‹ç¦æ­¢ï¼Œä½†å°æ‰€è¬‚çš„åº•ç›¤è»Šå»é–‹æ”¾å±éšªæ”¹è£ã€‚å¦‚:å¾Œè»Šæ–—åŠ é•·åŠ å¯¬åŠ é«˜(å®¹æ˜“é‡å¿ƒä¸ç©©)ï¼Œè¯çµè»Šåº•ç›¤å®‰è£æ¢ç…§ç‡ˆ(ä½¿æ±½è»Šé§•é§›è€…å®¹æ˜“åˆºçœ¼)ï¼ŒåŠ è£é›»å‹•å¾Œç§»å‹•è»Šæ–—è“‹ï¼ŒéŠè¦½è»Šè»Šå»‚åŠ å¤§(å½±éŸ¿ä¹˜å®¢å¤§æˆå®‰å…¨)ï¼Œä¸€ç‰‡å¼è»Šçª—(é€ƒç”Ÿä¸æ˜“)ã€‚å°ç£äº¤é€šæ³•è¦éœ€è¦å°ˆæ¥­äººå£«ä¾†å¯©æ ¸ï¼Œä¸æ˜¯å®˜å“¡èªªäº†ç®—ï¼Œç›£ç†ç«™æ‰€é«˜éšä¸»ç®¡å¯ä»¥æŠŠè»Šèº«å¯¬é«”å½¢å®¹æˆâ€è¼”åŠ©éšæ¢¯â€,â€ç©ºåŠ›å¥—ä»¶â€,ç°¡å–®æ˜ç­çš„è»Šèº«çµæ§‹å¯ä»¥æœ‰å¤šç¨®ä¸åŒçš„èªçŸ¥ï¼Œæ³•è¦ä¸Šç„¡æ˜æ–‡è¦å®šä¹‹äº‹é …ï¼Œç«Ÿç”¨æœªæ·»åŠ ä¹‹æ³•æ¢(ç›£ç†æ‰€ç¨±ç‚ºå…§è¦çš„æœƒè­°ç´€éŒ„)ä¾†åŠ ä»¥ç›£ç£æ±½è»Šä½¿ç”¨è€…çš„æ±½è»Šè¦ç¯„ï¼Œå…¬å®¶æ©Ÿé—œå¸¶é ­é•æ³•ï¼Œä»¤äººé›£ä»¥æ¥å—ã€‚è²·ä¸èµ·åè»Šä¹Ÿå¯ä»¥è²·é«˜ç´šé…ä»¶ä¾†å¢åŠ è‡ªæˆ‘äº¤é€šå·¥å…·çš„å®‰å…¨æ€§ï¼Œæ”¿åºœé–‹æ”¾æ”¹è£é€²å£é›¶ä»¶è²·è³£å»ä¸å®¹è¨±å®‰è£ï¼Ÿç‰¹å®šåœ–åˆ©å°è±¡ï¼Ÿé‚„çµ¦æ±½è»Šä½¿ç”¨è€…æ”¹è£çš„æ¬ŠåŠ›ã€‚",1.ä»¥ç›®å‰å°ç£æ”¹è£çš„æ—ç¾¤ åœ‹éš›è¶¨å‹¢ åœ–åˆ©çš„éƒ½æ˜¯è·Ÿç›£ç†ç«™æ›å‹¾çš„é»ƒç‰›2.æ”¹è£é …ç›®å¯ä»¥ç”±æ”¿åºœå–®ä½æˆç«‹å…¬æ­£å–®ä½æ”¶å–æ”¹è£èªè­‰è®Šæ›´æ¬¾é … ä»¥æ­¤å¢åŠ ç¨…æ”¶3.æŠµåˆ¶é€ƒæ¼ç¨…å» å•† å» å®¶ åº—å®¶ æ”¹è£è»Šè¼›é ˆç™»è¨˜ ç™¼ç¥¨ åº—å®¶æ–½å·¥æ˜ç´° ç”¢å“ä¾†æºè­‰æ˜4.æœçµ•ä¸è‚–æ¥­è€… è²©å”®ä¾†æºä¸æ˜ç”¢å“ ä»¿å†’å±±å¯¨ æé«˜å°æ¶ˆè²»è€…ä¿éšœÂ 5.æå‡æ±½è»Šé›¶ä»¶è£½é€ ç”¢æ¥­ç«¶çˆ­åŠ›,5101,5000,2017-11-14 16:21:03,237,0,ç„¡,Jerry Zheng,"The car safety modification content is as follows: 1. Car shock absorber improvement and safety installation 2. Car tire size increase 3. Car wide body modification and airflow design 4. Brake safety improvement modification 5. Car internal structural rod strengthening modification 6. Car lamp brightness improvement modification relative to the safety improvement value of modification 1. Car shock absorber modification: Nowadays, the safety factor of shock absorbers provided by domestic original cars is generally low, higher than comfortable, but the pressure resistance effect is not as expected. It is unacceptable that the body cannot be effectively controlled to avoid accidents when special situations occur, and the installation of shock absorbers sold legally in the country does not comply with regulations! Legally sold should be legally installed. People who canâ€™t afford high-priced cars have the absolute right to choose to improve the safety of their driving tools. If itâ€™s safe for themselves, itâ€™s also safe for others. Why not modify it? 2. Car tire size increase and modification can help the carâ€™s grip performance during driving, and itâ€™s not easy to slip out of control when driving. 3. Wide-body modification and airflow design are the mainstream design of high-priced original sports cars today. If supercars use this aspect as their design concept and concept, is there any professional unit in my country that can identify this as a dangerous modification or even not in compliance with regulations? Large-scale trucks and combined vehicles including tourist buses (which are regarded as chassis vehicles by the supervision station) can be heightened and widened according to regulations. In fact, professional vehicle modifications are used to judge the center of gravity. This type of vehicle belongs to high-risk modification, and government agencies openly allow illegal business vehicle modification! General car wide-body modification is to increase the width of the chassis for stable improvement, and use the airflow design to increase the downforce of the car body so as to maintain the balance of car body safety. 4. Brake safety refitting. Currently, car manufacturers want to have better fuel consumption performance, so they often reduce the weight of the brakes and replace them with poorer materials due to cost considerations. Most of them use small-scale cast iron discs with single-sided piston calipers. This brake system is prone to overheating and the braking effect is greatly reduced, and many collision accidents have occurred. If the brake system can be legally modified to improve the performance, the accidents caused by insufficient braking can be reduced. 5. The internal structural rods of the car are strengthened to prevent the car body from being deformed during the collision and extrusion, so that the injured can increase the chance of survival. Currently, the safety of the modified car is greatly improved, and it can also effectively guarantee the safety of the driver in terms of traffic safety. 6. Modification of the brightness of car lamps. The current laws and regulations have also begun to require the public to install daytime running lights. Taiwanâ€™s supervisory units, including the Ministry of Communications, have no relevant professionals to judge whether modifying cars will affect driving safety. Conclusion: The current traffic laws and regulations are outdated, and the safety modification of cars is prohibited, but the dangerous modification of so-called chassis cars is open. Such as: lengthen, widen and heighten the rear body of the car (easily unstable center of gravity), install searchlights on the chassis of the connected car (make it easy for the driver to dazzle), install an electric rear moving body cover, increase the compartment of the sightseeing car (affecting the safety of passengers), and one-piece windows (difficult to escape). Taiwanâ€™s traffic regulations need to be reviewed by professionals, not officials. High-level supervisors at supervision stations can describe wide-body bodies as â€œauxiliary laddersâ€ and â€œaerodynamic kits.â€ If you canâ€™t afford luxury cars, you can also buy high-end accessories to increase the safety of your vehicle. The government opens up the sale of modified imported parts but does not allow them to be installed? A specific object of profit? Back to the car users to modify the power.",The content of vehicle safety modification is as follows:,4,Traffic&Cars,4,1,7,Traffic&Cars,basicNeeds,tax&salary
4849,2018-02-05 21:16:12,https://join.gov.tw/idea/detail/4afaf924-a334-4d90-b580-a2183a87993c,é–‹æ”¾è˜‡èŠ±æ”¹å¤šè»Šç¨®é€šè¡Œ,æ–¹æ¡ˆAï¼š 1.æ¡åˆ†é“æ–¹å¼é–‹æ”¾éŠè¦½è»ŠåŠæ©Ÿè»Š(å«é‡æ©Ÿ)é€šè¡Œ 2.é–‹æ”¾éŠè¦½è»ŠåŠæ©Ÿè»Š(å«é‡æ©Ÿ)é€šè¡Œ 3.å¸Œæœ›å¯ä»¥å¯¦ç¾å„è»Šç¨®ï¼Œæœ€å®‰å…¨çš„å›å®¶é“è·¯ï¼Œä»¥åŠäººç­‰ç”Ÿå‘½å®‰å…¨ 4.è˜‡èŠ±æ”¹æ˜¯çœé“ç‚ºä½•åªé–‹æ”¾å°å‹è»Šé€šè¡Œ,"1.è˜‡èŠ±å…¬è·¯åªè¦é‡å¼·éœ‡éƒ½æœƒæœ‰è½çŸ³çš„æ‰è½ï¼Œè˜‡èŠ±æ”¹åªé™ä¸€ç¨®è»Šå¯é€²å…¥ï¼Œè€Œå‰©ä¸‹çš„éƒ½è¦èµ°ï¼Œé ­é ‚ä¸Šéš¨æ™‚æœƒæœ‰è½çŸ³çš„å±éšªå…¬è·¯ 
2.éœ‡å¤®åœ¨èŠ±è“®çš„ä¸€é€£ä¸²åœ°éœ‡ï¼Œå·²ç¶“é«˜é”50å¤šèµ·ï¼Œè®“ä¸å°‘æ°‘çœ¾å—åˆ°é©šåš‡å¾¹å¤œé›£çœ ï¼Œæ‰€å¹¸ç›®å‰ä¸¦æœªæœ‰ç½æƒ…å‚³å‡ºã€‚ç„¶è€Œä¹Ÿå› ç‚ºé€£çºŒåœ°éœ‡é€ æˆè˜‡èŠ±å…¬è·¯å¤šè™•æœ‰è½çŸ³ï¼Œç•¶æ™‚æ­£å¥½æœ‰ä¸€è¼›ç™½è½è»Šè¡Œç¶“åœ¨è˜‡èŠ±å…¬è·¯ä¸Šï¼Œé©šéšªåœ°å¾å·¨çŸ³æˆ–ä¸‹çš„ç©ºéš™é–“é–ƒé 
3.æ”¿åºœå£å£è²è²èªªæ©Ÿè»Šé˜²è­·åŠ›å¼±ï¼Œä½†è¶Šå®‰å…¨çš„å…¬è·¯ç³»çµ±ï¼Œå»æ¯æ¯ç¨ç¼ºæ©Ÿè»Šè¡Œé§›è¦åŠƒï¼Œé¨å£«æ˜¯æ¬¡ç­‰å…¬æ°‘ï¼Ÿå…¬è·¯æ˜¯å…¬å…±è²¡ï¼Œè€Œä¸æ˜¯ä½¿ç”¨ç‰¹å®šäº¤é€šå·¥å…·äººæ‰€ç¨æœ‰ï¼Œå¤§å®¶éƒ½æ‡‰è©²æœ‰è¡Œé§›æ¬Šã€‚æ­¤æ´»å‹•ä¸åˆ†å¤§ç‰Œé¡è‰²ä¹‹äºŒè¼ªé¨å£«åƒåŠ ï¼Œæˆ‘å€‘è¦è®“æ”¿åºœçœ‹åˆ°é¨å£«ä¸èƒ½è¢«äº¤é€šè¦åŠƒæ‰€éºå¿˜ã€‚",5257,5000,2018-02-05 21:18:15,177,0,ç„¡,Xiu Ming,"Plan A: 1. Use separate lanes to open the passage of tourist buses and locomotives (including heavy machinery) 2. Open the passage of tourist buses and locomotives (including heavy machinery) 3. Hope to realize all types of vehicles, the safest way home, and the safety of peopleâ€™s lives 4. Why is Suhuagai a provincial road only open to small cars?",Open up Suzhou flower change to multi-vehicle traffic,4,Traffic&Cars,4,6,7,Traffic&Cars,government&china,tax&salary
7464,2019-08-25 16:51:30,https://join.gov.tw/idea/detail/94f07e90-2554-4ac7-9103-45ba762e5ee2,å¯µç‰©ï¼ˆè²“ï¼ç‹—ï¼‰æ­ä¹˜éµè·¯å¤§çœ¾é‹è¼¸ã€å¯µç‰©å‹å–„è»Šå»‚ã€‘è¦ç¯„åŠå…·é«”è¾¦æ³•,ç¾æ³ï¼š ç›®å‰äº¤é€šéƒ¨å°ç£éµè·¯ç®¡ç†å±€ç¾è¡Œçš„ã€Œæ—…å®¢é‹é€å¥‘ç´„ç¬¬46æ¢ã€è¦å®šï¼Œå…¶å¯¦é€ æˆäº†è¨±å¤šç‹—ç‹—é£¼ä¸»çš„ä¸ä¾¿ï¼Œå› ç‚ºåƒ…æœ‰å°å‹çŠ¬é©ç”¨ã€‚ä»¥ç›®å‰å…¨ä¸–ç•Œéƒ½åœ¨æ¨å‹•çš„å¯µç‰©å‹å–„ï¼Œå…¶å¯µç‰©å…±ä¹˜ç«è»Šå¤§çœ¾é‹è¼¸å·¥å…·ä¹‹æ¡ˆä¾‹èˆ‡è¾¦æ³•éå¸¸çš„å¤šï¼Œå°ç£ä¹Ÿæœ‰å¹¾åº§åŸå¸‚ç‡å…ˆæ¨å‡ºå¯µç‰©å‹å–„å…¬è»Šç­‰é‹è¼¸å·¥å…·ï¼Œé€£è¨ˆç¨‹è»Šç›¸é—œè¯ç›Ÿå’Œé«˜é€Ÿå…¬è·¯ä¼‘æ¯ç«™éƒ½å·²æœå‘æ­¤ç›®æ¨™åœ¨æ¨é€²ï¼ŒåŒæ™‚å„è™•å¯µç‰©å‹å–„æ—…éŠè§€å…‰æ—¥æ¼¸ç™¼å±•ã€‚æ•…å¸Œæœ›éµè·¯å±€èƒ½åƒè€ƒæ­¤ä½œæ³•ï¼Œæå‡åœ‹å…§å¯µç‰©å‹å–„ï¼Œå¼·åŒ–æ—…éŠå’Œé‹è¼¸ä¹‹ä¾¿åˆ©ã€‚ä½†å› åœ‹äººé£¼ä¸»è²¬ä»»å°šæœªé”åˆ°äººäººéƒ½èƒ½åšåˆ°è©²ç›¡ä¹‹è²¬ä»»ï¼Œåœ¨ä¸å½±éŸ¿åˆ°æ­£å¸¸æ­ä¹˜æ—…å®¢ä¹‹ä¸‹ï¼Œå»ºè­°å¦‚ä¸‹ã€‚ è¾¦æ³•ï¼š   å¯µç‰©æ¨è»Šå¯ä¸Šè»Šï¼Œé™å®šæœ€å¤§å°ºå¯¸ï¼ˆå¤§å‹çŠ¬å¯å…¥ï¼‰ï¼Œå¯µç‰©ä¸è½åœ°ï¼Œä¸é›¢é–‹æ¨è»Šï¼Œæœƒåµé¬§è€…é ˆæˆ´å£ç½©ã€‚ï¼ˆé¿å…æ’æ³„ç‰©æˆ–è€…å…¶ä»–ä¸å¿…è¦éº»ç…©ï¼‰  å¯µç‰©æ­ä¹˜éµè·¯é‹è¼¸å·¥å…·å¯ä»¥åŠç¥¨æˆ–å¯µç‰©ç¥¨è¨ˆè²»ï¼Œï¼ˆåªè¦æœ‰æä¾›ç¢ºåˆ‡çš„æœå‹™ï¼Œç›¸ä¿¡é£¼ä¸»éƒ½èƒ½æ¥å—ï¼‰  æ­ä¹˜éœ€æ”œå¸¶æ™¶ç‰‡åŠç‹‚çŠ¬ç—…è­‰æ˜ã€‚ï¼ˆé€™æ˜¯åŸºæœ¬å¸¶å¯µç‰©å¤–å‡ºæœ¬ä¾†å°±è©²æº–å‚™çš„ï¼‰  é–‹æ”¾é€šå‹¤é›»è»Šç­‰è»Šå»‚å¯¬æ•çš„ç­æ¬¡ã€‚ï¼ˆé«˜é€Ÿåˆ—è»Šèµ°é“ç‹¹çª„å…¶å¯¦ä¸é©åˆï¼Œå¯ç¶­æŒåŸè¦å®šï¼Œé™¤éé¡˜æ„æ›è¼‰ä¸€ç¯€å°ˆå±¬è»Šå»‚ï¼‰  åƒ…é–‹æ”¾ç‰¹å®šè»Šå»‚ã€‚ï¼ˆä¾‹å¦‚æœ€æœ«ç¯€è»Šå»‚ï¼Œè»Šå»‚è¨»æ˜å¯µç‰©å‹å–„è»Šå»‚ï¼Œé€™æ¨£ä¸å–œæ­¡å¯µç‰©æˆ–è€…éæ•çš„ä¹˜å®¢ä¹Ÿä¸æœƒæƒ³è¦é€²å…¥ï¼‰  éµè·¯å±€ï¼šç”±æ–¼å¯µç‰©æœ‰æ”¶å–è²»ç”¨ï¼Œæ•…è«‹æœå‹™å¯µç‰©å’Œå…¶é£¼ä¸»ï¼Œå› æ­¤æå‡ºä»¥ä¸‹å»ºè­°ã€‚   å¾€è¿”ä¹‹é–“ä¹˜å®¢æ¸…ç©ºæ™‚è»Šå»‚æ¸…æ½”éœ€ä½¿ç”¨é™¤è·³èš¤ã€å£è¨å’Œç©ºæ°£é™¤è‡­åŠ‘é€²è¡Œæ¸…ç†ï¼Œä¸¦å¯å°å¤–æ¨™ç¤ºå·²æ¶ˆæ¯’ã€‚  å¯µç‰©è»Šå»‚å¯ç¨ç«‹å®‰è£å¯µç‰©ç©ºé–“å°ˆç”¨ç©ºæ°£æ¸…æ·¨æ©Ÿã€‚  è»Šå»‚æä¾›æ¸…æ½”è¢‹åŠåƒåœ¾æ¡¶ã€‚  åˆ¶å®šé•åè¦ç¯„çš„è™•ç½°åˆ¶åº¦ï¼Œä¾‹å¦‚ï¼šè®“å¯µç‰©é›¢é–‹æ¨è»Šã€‚æ¥å—ä¹˜å®¢æŠ•è¨´å’Œæª¢èˆ‰ã€‚ ,"å…¶å¯¦é–‹æ”¾å¯µç‰©è»Šå»‚ä¸åƒ…ä¸æœƒé€ æˆæ­£å¸¸æ—…å®¢çš„ä¸ä¾¿ï¼Œç”šè‡³èƒ½æå‡åœ‹å…§æ—…éŠå’Œå°éµç‡Ÿæ”¶ï¼Œä¹Ÿèƒ½åšåˆ°é£¼ä¸»è²¬ä»»çš„ç¤ºç¯„ä½œç”¨ã€‚å°¤å…¶æ˜¯ä¸€äº›ééƒ½æœƒå€çš„å±±é“è·¯ç·šï¼Œä¾‹å¦‚ååˆ†å’Œä¸‰è²‚å¶ºä¸€ä»£æˆ–è€…å—æŠ•è»ŠåŸ•ã€å˜‰ç¾©é˜¿é‡Œå±±ç­‰è§€å…‰ç«è»Šè·¯ç·šï¼Œæ‡‰è©²æœƒæœ‰å¤§é‡çš„éœ€æ±‚ã€‚ 
é£¼ä¸» 
 
 åœ‹å…§æœ‰1/3æˆ¶é¤Šå¯µç‰©ï¼Œå…¶ä¸­è²“ç‹—å±…å¤šä½”6æˆä»¥ä¸Šï¼Œè€Œåœ‹å…§ç›®å‰æ”œå¸¶å¯µç‰©æ—…éŠç››è¡Œï¼Œè¿‘å¹´é€£è²“éƒ½é–‹å§‹å¤–å‡ºæ—…éŠï¼Œæ­¤èˆ‰å¯åˆ©æ–¼ç„¡è‡ªå·±äº¤é€šå·¥å…·ä¹‹æ°‘çœ¾ã€‚ 
 åé åœ°å€è²“ç‹—çœ‹é†«ç”Ÿå›°é›£ï¼Œéœ€è¦æ­ä¹˜ç«è»Šåˆ°é„°è¿‘éƒ½å¸‚ï¼Œå¦‚ä¾ç…§ç›®å‰è¦ç¯„ï¼Œä¸­å¤§å‹çŠ¬å…¶å¯¦åœ¨ç„¡æ±½æ©Ÿè»Šé‹è¼¸å·¥å…·ä¸‹ï¼Œé‹è¼¸å›°é›£ã€‚ 
 ä¸€äº›å–œæ„›å¯µç‰©çš„æ—…å®¢ï¼Œèªªä¸å®šé‚„æœƒç‰¹æ„å‰å¾€å¯µç‰©è»Šå»‚æ­ä¹˜ã€‚ 
 
éµè·¯å±€ 
 
 å¯µç‰©å‹å–„å½¢è±¡æå‡ 
 è¶¨å‹¢è©±é¡Œæ€§æ“ä½œ 
 é¡å¤–çš„ç‡Ÿæ”¶ 
 ç›¸é—œæ´»å‹•èˆ‰è¾¦ 
",5256,5000,2019-08-25 16:57:48,240,0,ç„¡,Travel of Rice å°ç±³éŠè¨˜,"Current situation: The current ""Article 46 of Passenger Transportation Contract"" stipulated by the Taiwan Railway Administration of the Ministry of Communications has actually caused inconvenience to many dog â€‹â€‹owners because only small dogs are applicable. With the current pet-friendly promotion being promoted all over the world, there are many cases and methods of pet-sharing public transportation on trains. Several cities in Taiwan are also the first to introduce pet-friendly buses and other transportation methods. Even taxi-related alliances and highway rest stops are advancing towards this goal. At the same time, pet-friendly tourism is developing day by day. Therefore, I hope that the Railway Bureau can refer to this practice to improve domestic pet-friendliness and enhance the convenience of travel and transportation. However, since the responsibilities of domestic owners have not yet reached the level that everyone can fulfill, without affecting normal passengers, the following suggestions are suggested. Measures: Pet strollers are allowed on the trolley, the maximum size is limited (large dogs are allowed), pets do not fall on the ground, do not leave the stroller, and those who make noise must wear masks. (Avoid excrement or other unnecessary troubles) Pets can be charged at half-ticket or pet ticket when taking railway transport, (as long as the exact service is provided, I believe the owner can accept it) Chips and rabies certificates are required for boarding. (This is basically what you should prepare for when you go out with your pet.) Commuter trains and other trains with spacious compartments are open. (The narrow aisle of the high-speed train is actually not suitable, and the original regulations can be maintained, unless you are willing to mount an exclusive carriage) Only specific carriages are open. (For example, the last car, the car is marked as a pet-friendly car, so that passengers who donâ€™t like pets or are allergic will not want to enter) Railway Bureau: Since pets are charged, please serve pets and their owners, so the following suggestions are made. When passengers are emptied between round trips, the compartments must be cleaned with flea, tick and air deodorizers, and can be marked as disinfected. The pet carriage can be independently installed with a special air purifier for pet space. Cleaning bags and trash cans are provided in the compartment. Establish penalties for violations of the code, such as letting pets leave the stroller. Accept passenger complaints and reports.",Specifications and specific measures for pets (cats/dogs) traveling on railway public transportation [pet-friendly carriages],4,Traffic&Cars,4,1,7,Traffic&Cars,basicNeeds,tax&salary
8023,2020-02-13 19:47:13,https://join.gov.tw/idea/detail/74d6a3e5-6556-480f-8fde-ada6ca472f88,å»¢é™¤å€é–“æ¸¬é€Ÿ,å€é–“æ¸¬é€Ÿä¸åƒ…ä¸æœƒåš‡é˜»äº¤é€šäº‹æ•…ç™¼ç”Ÿ åƒ182ç¸£é“ä»¥åŠåŒ—å®œå…¬è·¯è‡³å¾æœ‰äº†å€é–“ äº¤é€šäº‹æ•…ä¹Ÿæ¯”æ²’æœ‰æ¸›å°‘åè€Œé€ æˆäº¤é€šå µå¡,å€é–“æ¸¬é€Ÿå½±éŸ¿äº¤é€šé€ æˆå µå¡,6382,5000,2020-02-13 19:47:26,829,0,ç„¡,é½Šå…‹,"Interval speed measurement will not deter traffic accidents. Like County Road 182 and Beiyi Highway, traffic accidents will be reduced if there is an interval, but it will cause traffic jams.",Abolish interval speed measurement,4,Traffic&Cars,4,1,0,Traffic&Cars,basicNeeds,crime
9139,2020-08-21 20:11:21,https://join.gov.tw/idea/detail/07a96ec5-efcf-4dfb-a64e-5898bf10510c,16æ­²ä»¥ä¸Šé–‹æ”¾æ©Ÿè»Šé§•ç…§ï¼ˆä¸åŒ…æ‹¬é‡æ©Ÿï¼‰,16æ­²ä»¥ä¸Šé–‹æ”¾æ©Ÿè»Šé§•ç…§ï¼ˆä¸åŒ…æ‹¬é‡å‹æ©Ÿè»Šé§•ç…§ï¼‰ å› ç¾åœ¨å¾ˆå¤šå­¸æ ¡éƒ½å……æ»¿è·é›¢æ„Ÿ å¸Œæœ›å­¸ç”Ÿèƒ½é”åˆ°æ–¹ä¾¿å¿«é€Ÿçš„æ–¹æ³• å¸Œæœ›å¯¦æ–½å­¸ç”Ÿæ©Ÿè»Šé§•ç…§ä½¿é«˜ä¸­ä»¥ä¸Šçš„å­¸ç”Ÿå……æ»¿ä¸æ–¹ä¾¿ æœ‰äº›äººå…‰è®€å­¸æ ¡å°±æœ‰æ­ä¹˜å¾ˆå¤šè»Šæ¬¡ ç”šè‡³é‚„è¦ç‰¹åˆ¥æ—©å°±è¦èµ·åºŠç­‰è»Š æœ‰äº›è£œç¿’å¾ˆæ™šå°±å¾ˆç´¯é‚„è¦ç‚ºéš”å¤©å­¸æ ¡çš„è¡Œç¨‹åšæº–å‚™ æœ‰æ™‚éƒ½å¿«åä¸€äºŒé»æ‰èƒ½ç¡ å¸Œæœ›èƒ½è€ƒæ…®åˆ°å­¸ç”Ÿå€‹äººçš„éœ€æ±‚ é¨æ©Ÿè»Šä¸ä»£è¡¨å°±æ˜¯å±å­© åªæ˜¯ç‚ºäº†æ›´æ–¹ä¾¿çš„äº¤é€š ç¸½æ˜¯è½‰è»Šé²åˆ°è»Šæ¬¡é‚„è¦æ­è¨ˆç¨‹è»Š å­¸ç”Ÿä¸€å¤©è®€æ›¸å°±è¦ä¾†å›å…©æ¬¡äº† é›–ç„¶å¯ä»¥æœ‰å­¸ç”Ÿç¥¨ä¾¿å®œäº†äº› å¯æ˜¯ç¸½æ˜¯å¸¶ä¾†éå¸¸å¤šçš„ä¸æ–¹ä¾¿ æœ‰äº›å¤§äººå¯èƒ½æ€•å­¸å£ ä½†æˆ‘å€‹äººè¦ºå¾—å¯ä»¥çµ¦å­¸ç”Ÿå€‘ææ—©ç­è§£äº¤é€šè¦å‰‡å’Œæ›´å¤šæ©Ÿè»Šçš„äº¤é€šæŒ‡å— å¸Œæœ›å¤§å®¶éƒ½èƒ½å¤ åŒæ„é€™èªªæ³• è®“å­¸ç”Ÿå¯ä»¥éçš„è¼•é¬†é»è€Œä¸æ˜¯è®“å­¸ç”Ÿç´¯æ­» åŠ æ²¹~ğŸ’ª  å€‹äººç™¼æ³„ï¼šé¦¬è·¯æ¯å€‹äººéƒ½æœ‰æ¬Šï¼Œè·Ÿé¦¬è·¯ä¸‰å¯¶æ²’é—œä¿‚ï¼Œä½ å€‘è¦ºå¾—æ©Ÿè»Šå°±æ˜¯å±å­©ï¼Œé›£é“å­¸ç”Ÿéƒ½è¦æ‰¿å—é€™äº›å£“åŠ›å—ï¼Ÿèªªçš„æ˜¯16ä»¥ä¸Šåˆä¸æ˜¯13~14ä»¥ä¸Š æœ‰å¾ˆå¤šäººå…‰ä¸Šå­¸å°±éƒ½ç”¨èµ°è·¯çš„äº†ï¼Œè½‰è»Šé‚„è¦èµ°ï¼Œåˆ°è»Šç«™èµ°è·¯æˆ–é¨è…³è¸è»Šï¼Œæœ‰äº›åå®Œç«è»Šé‚„è¦æ”¹å…¬è»Šï¼Œå…¬è»Šé‚„è¦æŒ‘æ™‚é–“ï¼Œç«è»Šä¾†ä¸åŠæˆ–å…¬è»Šä¾†ä¸åŠä¸å°±éƒ½è¦å«è¨ˆç¨‹è»Šï¼Œè¨ˆç¨‹è»Šæœ‰äº›é‚„ç‰¹åˆ¥é ï¼Œæˆ‘èµ°è·¯åŠå°æ™‚åˆ°å­¸æ ¡ï¼Œè¨ˆç¨‹è»Šè¦å¥½å¹¾ç™¾ï¼Œå¦‚æœè®€æ›´é çš„å­¸æ ¡ä¸å°±æ›´è²´ å°±å¤šæ›¿å­¸ç”Ÿæƒ³æƒ³å¾ˆé›£ã„‡," 
 å¥½è™• 
 äº¤é€šæ›´åŠ æ–¹ä¾¿ 
 çµ¦å­¸ç”Ÿæ¸›å°‘å£“åŠ› 
 çµ¦å­¸ç”Ÿæ›´å¥½çš„ç¡çœ å“è³ª 
 è®“å­¸ç”Ÿæ›´å¿«çš„ç­è§£åˆ°äº¤é€šç§©åº 
 çµ¦è·é›¢å­¸æ ¡æœ‰è·é›¢çš„å­¸ç”Ÿæ›´åŠ å¿«é€Ÿ 
 æ¸›å°‘é²åˆ°å«è»Šçš„å¤§é‡‘é¡ 
",6102,5000,2020-08-21 20:28:15,884,0,ç„¡,å®‰å®‰,"Motorcycle driverâ€™s licenses (excluding heavy-duty motorcycle driverâ€™s licenses) are available to those over the age of 16. Now many schools are full of distance. I hope that students can find a convenient and fast way. I hope that the implementation of student motorcycle driverâ€™s license will make it inconvenient for students above high school. I always change trains and arrive late and have to take a taxi. Students have to go back and forth twice a day to study. Although student tickets are cheaper, it always brings a lot of inconvenience. is it? Itâ€™s about 16 and above but not 13~14 and above. Many people just walk to school. They have to walk when changing trains, walk or ride a bicycle to the station.",Over 16 years old open motorcycle driver's license (excluding heavy machinery),4,Traffic&Cars,4,8,6,Traffic&Cars,education,government&china
9731,2020-11-04 17:26:21,https://join.gov.tw/idea/detail/b07b3434-5a81-4db1-9956-e42d826595a4,è»Šè¼›å®šæœŸæª¢é©—æ–¹å¼46å¹´ä¸è®Šï¼Œç©éæˆæ˜¯ï¼Œæª¢é©—å“¡è‡ªç”±å¿ƒè­‰ï¼,è¿‘å¹´ä¾†æˆ¶å¤–ä¼‘é–’æ´»å‹•ç››è¡Œï¼Œè‡ªå°å®¢è»Šã€ä¼‘æ—…è»Šã€å‰æ™®è»Šã€è²¨å¡ç­‰ï¼Œè»Šè¼›ä¾ã€é“è·¯äº¤é€šå®‰å…¨è¦å‰‡ã€é™„ä»¶15ä¹‹è¦å®šè¾¦ç†å°å‹æ±½è»Šå›ºå®šå¼ç½®æ”¾æ¶è®Šæ›´å®Œæˆï¼Œä½†æ–¼å®šæœŸæª¢é©—æ™‚å»é ˆå°‡å·²è¾¦ç†è®Šæ›´ä¸¦è¨»è¨˜ä¹‹ç½®æ”¾æ¶ä¸Šç‰©å“(ä¾‹å¦‚ï¼šè»Šé ‚å¸³ç¯·ã€è¡Œæç®±(ç›¤)ã€ä¼¸ç¸®å¼é®é™½ç°¾ç­‰)é ˆæ‹†é™¤å§‹èƒ½æª¢é©—ï¼Œå…¶ä¾æ“šç«Ÿç‚ºäº¤é€šéƒ¨è·¯æ”¿å¸63å¹´7æœˆ30æ—¥ç¬¬äº”æ¬¡å…¬è·¯ç›£ç†åº§è«‡æœƒç¬¬30é …å•†å®šäº‹é …å‡½ï¼Œè»Šè¼›æª¢é©—æ‡‰ä»¥ç©ºè»Šç‚ºæº–ï¼Œä¸å¾—è£è¼‰éµæ¿æˆ–å…¶ä»–ç‰©å“ä»¥å…å½±éŸ¿å„é …æª¢é©—ç§‘ç›®ä¹‹æº–æ€§ï¼Œä»¥é˜²è»Šä¸»å–å·§ã€‚  ç¾ä»Šç‚ºæ°‘åœ‹109å¹´ï¼Œå…¶æª¢é©—æ¨™æº–ç«Ÿç‚º63å¹´7æœˆ30æ—¥ç¬¬äº”æ¬¡å…¬è·¯ç›£ç†åº§è«‡æœƒç¬¬30é …å•†å®šäº‹é …ï¼Œä»¥46å¹´å‰å•†è­°äº‹é …ä½œç‚ºæª¢é©—æ¨™æº–å¯¦å±¬è’è¬¬ï¼Œä¸”å®šæœŸæª¢é©—ä¾æª¢é©—å“¡è‡ªç”±å¿ƒè­‰ï¼Œç›£ç†å–®ä½ä¹‹æª¢é©—æ–¹å¼æ‡‰èˆ‡æ™‚ä¿±é€²æ»¾å‹•å¼é©æ™‚ä¿®æ­£ä¸¦è¨‚å®šæ˜ç¢ºæª¢é©—æ¨™æº–ã€‚   ,"ã€é“è·¯äº¤é€šå®‰å…¨è¦å‰‡ã€é™„ä»¶15 
è»Šèº« å°å‹æ±½è»Šå›ºå®šå¼ç½®æ”¾æ¶ 
1.æ‡‰ç¬¦åˆã€Œè»Šè¼›å®‰å…¨æª¢æ¸¬åŸºæº–ã€ä¹‹ã€Œå°å‹æ±½è»Šç½®æ”¾æ¶ä¹‹éœæ…‹å¼·åº¦ã€è¦å®šã€‚ 
2.æ‡‰å®‰è£ç‰¢å›ºï¼Œä¸å¾—é®è”½è™Ÿç‰ŒåŠç‡ˆå…‰ï¼Œä¸å¾—çªå‡ºè»Šèº«å…©å´ã€‚ 
3.å¦‚è£ç½®æ–¼å¾Œæ–¹è€…ï¼Œé•·åº¦ä¸å¾—è¶…éå¾Œå´è»Šèº«å¤–äº”åå…¬åˆ†ï¼Œä¸¦ä»¥å…¶å®Œå…¨å±•é–‹ç‹€æ…‹ä¸ˆé‡ã€‚ 
#å»ºè«‹ä¿®æ³•ä»¥ç¬¦æ°‘çœ¾æ‰€éœ€ 
Â  
Â  
ã€é“è·¯äº¤é€šå®‰å…¨è¦å‰‡ã€ç¬¬77æ¢ç¬¬1é …ç¬¬10æ¬¾ 
å°å‹æ±½è»Šç½®æ”¾æ¶ï¼Œå…¶ä½¿ç”¨æ‡‰ä¾ä¸‹åˆ—è¦å®šï¼š 
ï¼ˆä¸€ï¼‰ç½®æ”¾æ¶åŠè£è¼‰ç‰©æ‡‰å›ºå®šå¦¥é©ã€‚å¦‚è£ç½®æ–¼è»Šè¼›å¾Œå´ï¼Œå…¶é•·åº¦ä¸æ‡‰è¶…é 
Â Â Â Â Â  å¾Œå´è»Šèº«å¤–äº”åå…¬åˆ†ï¼›å¦‚è£ç½®æ–¼è»Šé ‚ï¼Œå…¶å«ç½®æ”¾æ¶ä¹‹è»Šè¼›å…¨é«˜æ‡‰ä¾ 
Â Â Â Â Â  ç¬¬ä¸‰åå…«æ¢ç¬¬ä¸€é …ä¹‹è¦å®šã€‚ 
ï¼ˆäºŒï¼‰ç½®æ”¾æ¶åŠè£è¼‰ç‰©ä¸å¾—é®è”½è»Šè¼›ä¹‹è™Ÿç‰Œèˆ‡è»Šè¼›å¾Œæ–¹ç‡ˆå…‰ã€‚ 
Â #å»ºè«‹ä¿®æ³•ä»¥ç¬¦æ°‘çœ¾æ‰€éœ€ 
Â  
ã€é“è·¯äº¤é€šå®‰å…¨è¦å‰‡ã€ç¬¬2æ¢ç¬¬1é …ç¬¬16æ¬¾ 
è»Šé‡ï¼šæŒ‡è»Šè¼›æœªè¼‰å®¢è²¨åŠé§•é§›äººä¹‹ç©ºè»Šé‡é‡ã€‚ 
ã€é“è·¯äº¤é€šå®‰å…¨è¦å‰‡ã€ç¬¬39ä¹‹1 
æ±½è»Šå®šæœŸæª¢é©—ä¹‹æª¢é©—é …ç›®åŠåŸºæº–ï¼ŒåŒ…å«ä»¥å„€å™¨æª¢æ¸¬ä¹‹è…³ç…è»Šã€æ‰‹ç…è»Šæ•ˆèƒ½ã€å¹³è¡¡åº¦åŠå‰è¼ªå´æ»‘åº¦ç­‰é ˆç¬¦åˆè¦å®šã€‚ 
#å»ºè«‹ä¿®æ³•ä»¥ç¬¦æ°‘çœ¾æ‰€éœ€",5244,5000,2020-11-04 17:26:36,181,0,ç„¡,é»ƒæµ©æ¾¤,"In recent years, outdoor leisure activities are popular. From passenger cars, SUVs, jeeps, trucks, etc., vehicles have completed the change of small car fixed racks in accordance with the provisions of ""Road Traffic Safety Regulations"" Annex 15. However, during regular inspections, the items on the racks that have been changed and noted (such as: roof tents, trunks (pans), retractable sunshades, etc.) must be removed before inspection. 0 agreed matters letter, the vehicle inspection should be based on the empty vehicle, and no iron plates or other items should be loaded so as not to affect the accuracy of various inspection subjects, so as to prevent the owner from taking advantage of it. Today is the 109th year of the Republic of China, and the inspection standard is the 30th item agreed upon at the 5th Highway Supervision Symposium on July 30, 1963. It is absurd to use the items discussed 46 years ago as the inspection standard, and regular inspections are based on the free will of the inspectors.","The method of regular vehicle inspection has remained unchanged for 46 years, and the results are not true, and the inspectors are free to testify!",4,Traffic&Cars,4,7,6,Traffic&Cars,tax&salary,government&china
