,Index,date,link,title_zh,proposal_zh,benefits_zh,upvotes,threshold,date.1,num_followers,num_comments,GA,proposer,Category,proposal_en,title_en,Unnamed: 16,Unnamed: 17,Unnamed: 18,Unnamed: 19,Unnamed: 20,Unnamed: 21,Unnamed: 22
7908,7908,2017-07-02 03:02:12,https://join.gov.tw/idea/detail/9355164d-c2a0-4c95-b393-3aeef68bade7,廢止550cc重機行駛高速公路,鑒於多數人對於重機行駛於高速公路不放心，而重機車主們一直說民國100年已通過該項法案！所以提議修法廢除！避免爭議！,解決一直以來的紛爭！避免交通部官員陷入被說怠惰的風險！也符合台灣大多數人的民意,0,0,無,1,0,無,浮塵,,"In view of the fact that most people are not at ease with heavy trucks driving on the highway, and the owners of heavy trucks have always said that this bill has been passed in the 100th year of the Republic of China! Therefore, it is proposed to amend the law and abolish it! Avoid controversy!",Abolition of 550cc heavy machine running on expressway,,,,,,,
9885,9885,2018-03-27 17:51:03,https://join.gov.tw/idea/detail/d3f2f3ff-ed8f-4999-ab5e-c5924fdddc36,建議開放大型重機(排氣>550CC)於非熱門時段行駛國道,"建議開放大型重機(排氣>550CC)於非熱門時段行駛國道 
建議開放時段如下 
1.平日晚上10點開放至隔日早上8點 
2.假日晚上12點開放至早上7點","大型重機(排氣>550CC)長期繳交同小客車的稅金，卻無法使用到同樣的路權，目前大型重機行駛國道受到一般民眾普遍以""鑽車縫""""使人分心""""會造成塞車""""影響其他用路人""等...理由 阻止重機上國道，不甚合理。這邊想提出一個折衷方案，建議先讓大型重機於特定時段開放行駛國道，即冷門時段，除了可以方便大型重機騎士做通行使用，也可以增加交通部國道使用費等收入，同時也可以提供交通部更多統計數據。",0,0,2018-03-27 17:51:12,0,0,無,游程傑,,It is recommended to open large heavy machines (exhaust>550CC) to drive on national highways during non-popular hours. The suggested opening hours are as follows: 1. Open from 10:00 pm on weekdays to 8:00 am the next day 2. Open from 12:00 pm to 7:00 am on holidays,It is recommended to allow large heavy machines (exhaust >550CC) to drive on national highways during non-popular hours,,,,,,,
9887,9887,2018-03-28 11:23:44,https://join.gov.tw/idea/detail/9d908c74-6e51-4f91-b75e-fa9a66099541,建議開放大型重型機車(排氣量≥550CC)於非熱門時段行駛國道,"建議開放大型重型機車(排氣量≥550CC)於非熱門時段行駛國道 
建議開放大型重型機車行駛國道之時段如下 
1.平日(周一至週五)   晚上9點開放至隔日早上8點 
2.假日(週六至周日及國定假日)   晚上10點開放至隔日早上8點","大型重型機車(排氣≥550CC)長期繳交等同小客車的稅金，卻無法使用到同樣的路權，目前大型重機受到一般民眾 普遍以""鑽車縫""""使人分心""""會造成塞車""""影響其他用路人""等...理由 阻止重機上國道，不甚合理。故在此提出 一個折衷方案，建議開放大型重機於特定時段行駛國道，除了可以方便大型重機騎士做通行使用，也可以增加交 通部國道使用費等收入，同時也能促進各地區之觀光產業發展。",0,0,2018-03-28 11:24:39,0,0,無,游程傑,,It is recommended that large heavy locomotives (displacement ≥ 550CC) be allowed to drive on national highways during non-popular hours. It is recommended that large heavy locomotives be allowed to drive national highways during the following times: 1. Weekdays (Monday to Friday) from 9:00 pm to 8:00 am the next day 2. Holidays (Saturday to Sunday and national holidays) 10:00 pm to 8:00 am the next day,It is recommended to allow large heavy-duty locomotives (displacement ≥ 550CC) to drive on national highways during non-popular hours,,,,,,,
10068,10068,2018-05-12 01:57:00,https://join.gov.tw/idea/detail/91e77744-0118-4014-b380-23131a05cf7a,尖峰時段開放大型重型機車行駛市民大道高架路段路肩,"肩峰時間的市民大道真的壅塞不堪，而又該如何紓解這大量的車流呢。個人覺得可以參考高速公路的方式，於尖峰時間(07~09，17~20)，開放大型重型機車得行駛路肩。市民大道為一般道路，當車輛擁塞靜止不動時，大型重型機車是可以車道分割而沒有違規。但與其如此增加汽機車的擦撞風險，不如比照高速公路行之有年的紓解方式，尖峰時段開放大型重型機車行駛市民大道高架路段路肩。(市民大道路肩略窄，汽車無法行駛，但大型重型機車卻可以有效利用)如此既可讓汽車少塞好幾百台大型重型機車的車距，又能快速紓解高架段的機車數量，相信是所有用路人所樂見的措施。 
"," 
 開車的可以少塞好幾百台大型重型機車的車距 
 騎車的可以快速離開略為紓解塞車狀況 
 完全消除車道分割時所產生的擦撞風險 
 提高一人汽車轉騎乘機車通勤的意願進而減少市高汽車數量 
 
若有救護車等車輛需利用路肩快速通行，機車讓道的效率遠高於汽車，如果高速公路施行多年都沒有問題，那市高的開放更不會有問題。若有故障車輛或車禍需移置路肩，機車併入車道閃避的效率遠高於汽車，如果高速公路施行多年都沒有問題，那市高的開放更不會有問題。但可以讓路肩的速限略為降低，以避免道路狹窄所造成的反應空間變小。以利益來說，所有市高的用路人都獲利，開車的少塞車，騎車的也能較快速的通過。更可以讓開車族因為機車族在市高的便利，進而改騎車通勤，減少市高汽車數量。至於影響，開放後市高的用路狀況不會有任何變化，所以對所有的用路人並不會產生任何影響。",0,0,2018-05-12 02:30:18,0,0,無,狗爸,,"The Civic Avenue during shoulder rush hour is really congested, but how to relieve this large amount of traffic. Personally, I think you can refer to the way of the expressway. During peak hours (07~09, 17~20), large and heavy locomotives have to drive on the shoulder of the road. Civic Boulevard is a general road. When vehicles are congested and stationary, large and heavy locomotives can be divided into lanes without violating the rules. But instead of increasing the collision risk of automobiles and motorcycles in this way, it is better to compare the long-established relief method of the expressway, and open large heavy locomotives to drive on the shoulder of the elevated section of Civic Avenue during peak hours. (The shoulder of the Civic Avenue is slightly narrow, and cars cannot drive, but large and heavy locomotives can be used effectively.) This can not only reduce the distance between cars and hundreds of large and heavy locomotives, but also quickly relieve the number of locomotives on the elevated section. I believe it is a measure that all passers-by are happy to see.",Large heavy locomotives are open to drive on the shoulder of the elevated section of Civic Avenue during peak hours,,,,,,,
7059,7059,2016-06-22 00:54:23,https://join.gov.tw/idea/detail/b1872563-865c-461e-a5db-1db47d64fb5f,請推動：公車應行外線道；機慢車應行次外線道,"本人2009年北上到大台北地區工作，每天通勤及其他活動最主要的交通方式是騎機車。這些年來在公路上遇到最大的困擾就是公車頻繁的切換車道，造成路況不必要的混雜，也影響機車騎士的安全。
目前除了特定路段有公車專用道及乘客專用中央島外，乘客上下公車都必須在路邊，所以公車停靠在各站時勢必得在最外線。公車站距短，每次停靠前後都切換車道其實際上是在蛇行。
台北地區公車數充沛，這一人民福祉，在這一不當的現行交通法規卻無端的造成交通混雜。
請檢討此一可能性在不同路種的適切性，並套用在合適的路段。本人設想在三線以上的路段都應適用本案。","
改善公路路況，提升交通效率
降低機車肇事率
",0,0,無,0,0,無,Kai-Chieh Ku,,"I went north to work in the greater Taipei area in 2009. The main mode of transportation for commuting and other activities every day is riding a motorcycle. The biggest problem encountered on the road over the years is that the bus frequently switches lanes, causing unnecessary confusion on the road and affecting the safety of motorcyclists. At present, except that there are bus-only lanes and passenger-only central islands on specific road sections, passengers must be on the side of the road when getting on and off the bus, so the bus must be on the outermost line when it stops at each station. The distance between bus stops is short, and switching lanes before and after each stop is actually snaking. There are plenty of buses in the Taipei area, which is the well-being of the people, but the inappropriate current traffic regulations have caused traffic chaos for no reason. Please review the applicability of this possibility on different road types and apply it to the appropriate road section. I imagine that this case should be applied to road sections above the third line.",Please push: Buses should go on the outer lane,,,,,,,
7074,7074,2016-07-20 11:50:38,https://join.gov.tw/idea/detail/034b2072-6dce-43cd-aee6-aec23098064a,大客車車體增加標示字樣：上次驗車日期(20160720),"①建議立法強制大客車於現行車體前方車門旁，除原有車籍字體資料外，另加註標示一行：上次驗車日期(20160720)。
②另大客車應立法強制於各地監理所檢驗，不得於民間車廠代驗，以維護公眾搭乘安全。",,0,0,無,0,0,無,陳屏,,"① It is suggested that legislation should be made to force buses to be placed next to the front door of the current vehicle body. In addition to the original vehicle registration font information, an additional line should be marked: the date of the last vehicle inspection (20160720). ②In addition, buses should be inspected by local supervisory institutes by law, and should not be inspected by private car factories, so as to maintain the safety of the public.",The words on the bus body are added: the date of the last vehicle inspection (20160720),,,,,,,
11951,11951,2020-10-25 23:19:21,https://join.gov.tw/idea/detail/e5002ecb-a4ce-47dc-a4f4-d01b9020b642,竹北增設共享單車,"原因 
  
竹北市和新竹市接壤，除了機車汽車（增加碳排放量)和公車火車（班次固定，缺乏彈性)外卻沒有其他通勤方式，而Ubike是一個能連接兩地且環保省錢的好方法。竹北市是一個都市化程度高且人口密度高的城市，Ubike能在這樣的情況下發揮很好的功效，並有效避免短程距離的移動會造成的塞車。 
  
提案內容 
  
(在竹北市設立共享單車) 
在新竹縣設立共享單車以便通勤人口往返竹市和竹縣地區，但由於竹縣地區太廣大且有些地方太過偏僻，為避免資源浪費，可先從人口較密集也較鄰近的竹北地區先開始增設，並且主要設置於大眾運輸工具,學校及觀光景點附近。 
例如：竹北車站，六家車站，光明商圈，新瓦屋，竹北高中，六家高中等 
  
可能遇到的困難 
  
(自行車道，車站規劃) 
越多人使用自行車意味著交通會更加混亂，尤其是原本車流量過多的地區，更是會產生人車搶道的情形。 
在共享單車已經發展完全的美國，自行車站已經重要到變成會影響房價的重要指標，加上車站需一次停放大量自行車，還要設在人口密集地，如何徵收土地，並規劃其影響的地區也是需要考量的要素。 
 ","預期影響 
  
(參考實施中的城市共享單車可以帶來什麼好處呢？) 
1.增加通勤便利度 
    →比走路更方便快速 
  
2.讓市民更健康 
    →更多機會運動 
  
3.環保乾淨的交通工具 
    →提供汽機車的替代品 
  
4.帶動周邊經濟發展 
    →增加單車站附近店家消費人潮 
 ",0,0,2020-10-25 23:22:43,0,0,無,Tippi Chen,,"The reason is that Zhubei City borders Hsinchu City. There are no other commuting methods except locomotives (increasing carbon emissions) and buses and trains (fixed frequency, lack of flexibility). Ubike is a good way to connect the two places and save money. Zhubei City is a city with a high degree of urbanization and high population density. Ubike can play a very good role in such a situation and effectively avoid traffic jams caused by short-distance movement. Proposal Contents (Setting up shared bicycles in Zhubei City) Set up shared bicycles in Hsinchu County to allow commuters to commute between Zhushi and Zhuxian. However, because Zhuxian is too large and some places are too remote, in order to avoid waste of resources, we can start with the densely populated and relatively nearby Zhubei area, and install them mainly near public transportation, schools and tourist attractions. For example: Zhubei Station, Liujia Station, Guangming Commercial District, Xinwawu, Zhubei High School, Liujia High School, etc. Difficulties that may be encountered (bicycle lanes, station planning) The more people use bicycles, the more chaotic the traffic will be, especially in areas with too much traffic, and there will be situations where people and vehicles compete for lanes. In the United States, where shared bicycles have been fully developed, bicycle stations have become important indicators that will affect housing prices. In addition, stations need to park a large number of bicycles at a time, and they must be located in densely populated areas. How to acquire land and plan the areas it affects are also elements that need to be considered.",Zhubei adds shared bicycles,,,,,,,
12781,12781,2021-05-06 16:41:02,https://join.gov.tw/idea/detail/53bfb280-e013-4d96-853e-bcd034834af0,在所有國高中增加Ubick站點,目前仍有許多地方存在公車班次少及通勤不方便的問題，就目前最適合的方案是在各國高中前加設Ubike站點,讓通勤族和學生有更快且更多的選擇可以來進行上放學或通勤,0,0,2021-05-06 16:41:15,0,0,無,冰塊,,"At present, there are still many places where there are few bus trips and inconvenient commuting. The most suitable solution at present is to add Ubike stations in front of high schools in various countries",Add Ubick sites in all high schools,,,,,,,
13529,13529,2021-10-17 16:54:31,https://join.gov.tw/idea/detail/84030213-4db1-48dd-98e5-c0b73af6f33c,增加全國自行車站及自行車道,騎自行車已成了許多縣市日常生活中的一部分，但雖然自行車如此盛行，自行車站及自行車道卻寥寥可數，導致自行車騎士在路上必須承受與機車、大客車爭道的風險，應盡快建立專門的自行車道，以保障自行車騎士的安全," 
 將可有效降低在馬路上騎自行車的風險 
 可減少自行車騎士騎在人行道造成人車爭道的風險 
",0,0,2021-10-17 16:54:52,0,0,無,...,,"Cycling has become a part of daily life in many counties and cities. However, although bicycles are so popular, there are only a few bicycle stations and bicycle lanes. As a result, cyclists must bear the risk of competing with motorcycles and buses on the road. Special bicycle lanes should be established as soon as possible to ensure the safety of cyclists",Increase national bicycle stations and bicycle lanes,,,,,,,
7068,7068,2016-07-02 09:05:37,https://join.gov.tw/idea/detail/79a196c3-59df-4f1b-9cf6-09ec1bb753d9,"購買營業用, 私人用的汽車,機車,腳踏車需要提供停車位證明!","台北的汽機車數量真的太氾濫了, 停車位又嚴重不足造成大家只能亂停.  我希望能夠修法讓所有現有/新買營業和私人用的汽機車都要提供有停車位的證明才能夠購買
這樣才能阻止汽機車亂停, 阻塞交通, 消防車, 救護車等問題.  也可以改善市容.
 ",,0,0,無,2,2,無,Peter Kuo,,"The number of automobiles and motorcycles in Taipei is really too much, and the parking spaces are seriously insufficient so that everyone can only park randomly. I hope that the law can be amended so that all existing/newly purchased automobiles and motorcycles for business and private use must provide proof of parking spaces before they can be purchased. This will prevent random parking of automobiles and motorcycles, block traffic, fire engines, ambulances and other problems. It can also improve the appearance of the city.","Proof of parking space is required for the purchase of commercial and private cars, motorcycles, and bicycles!",,,,,,,
8672,8672,2017-11-08 00:23:54,https://join.gov.tw/idea/detail/34bf92e6-4b1b-4fcc-bda6-9c3df8ea559f,新成屋及中古屋買賣時，不得將車位坪數納入計算，並請明確訂定車位價格計算標準,"請管制各家仲介及待售跟建商， 
不得將車位坪數加在房子坪數裡一起賣， 
並請明確訂定車位價格計算標準。","目前各家仲介商，常常會將車位評數納入總坪數計算，單一個車位頂多一兩百萬， 
(比如，房子35坪、車位12坪，35坪＋12坪＝47坪，47坪ｘ60萬（當地行情）＝2820萬。 
但看屋老手都知道，房價不能這樣算！正確的算法是35坪ｘ60萬（當地行情）＝2100萬＋200萬（車位行情）＝2300萬。 
2820萬－2300萬＝被坑520萬！) 
但將坪數納入計算後，單一個車位卻能飆到數百萬不等，很多首購族不懂就傻傻被騙， 
是否應該請政府管制，以免民眾遭到不肖商人，以不當的銷售手法欺騙",0,0,無,0,0,無,林星宇,,"Please control all brokers and builders for sale, not to add the number of square meters of parking spaces to the number of square meters of houses for sale together, and please clearly set the calculation standard for the price of parking spaces.","When buying and selling new existing houses and second-hand houses, the number of parking spaces should not be included in the calculation, and please clearly set the calculation standard for the price of parking spaces",,,,,,,
9066,9066,2017-11-28 23:56:37,https://join.gov.tw/idea/detail/40e24933-0969-4ec9-a2d7-b144f3fc86f4,廣設停車位並修改收費方式改善停車亂象,"全國各地汽機車路邊亂停甚至並排停車情況嚴重，影響行人及行車安全。究其原因一方面固然是因國民不守法公德心欠佳，另一方面則是因為停車位不足，經常一位難求，令人難以遵循。在強力取締的同時應該先提供足夠的停車位，方可紓解停車需求。如果全面將符合安全條件的路邊及巷道等空地劃設成汽車及機車停車位，將可以改善。但是設再多的停車位也無法滿足所有的情況(需求集中)，所以改變收費方式，依市場機制彈性調整價格，方可滿足車位需求改善停車亂象。 
作法如下: 
1.全面調查尋找符合安全條件的路邊及巷道等空地，劃設汽機車停車位並且 全面收費，同時加強取締違停與路霸，將外化的成本回歸正常。2.車位價格依使用率調整，彈性計價，維持使用率在85～45%之間。例如：依計費單位統計，使用率大於85%便調高1元，低於45%便調降1元。3.價格依時段調整，以因應尖峰及離峰時段的差異。4.依週一到週日及特定節日分別統計並每天調整。初期先訂一個粗估的價格，之後便會慢慢的自動調整到最佳狀態。5.高價者縮短計價時間(如:以10分鍾為單位計價)以增加流動率。低價者延長計價時間(如:以2小時為單位計算)以降低收費成本。價格低於收費成本者則免費。6.透過雲端公佈即時車位價格及佔用狀況，收費則採月結按車牌寄發通知或自動扣款，亦可上雲端查詢已發生的費用及繳費。7.在車位上標示尖峰及離峰時段的收費等級如：極高/10分，高/20分，中/30分，低/1hr⋯或是10分鍾10元以上，30分鍾20元以上，1小時30元以上⋯，以方便無法連接雲端的用戶做判別。8.不開紙單，使用影像辨識車牌自動計費及拍照存證，收費員只要騎車或開車慢速經過便可，遇特殊狀況才需人工處理或舉發，如車牌汙損，停車位置或方向錯誤，無牌車輛…。9.遇私有地則與地主依比例對分獲利。例如：全部為私有土地則政府與地主各50%。10.特別劃設裝卸貨專區，15分鐘以內免費，超時則以累進費率計算。11.先由市中心鬧區開始實施，再慢慢推行到偏郊地區。 
 ","效益： 
1.讓真正需要車位的人容易找到車位。2.價格依使用率自動調整，公平有效沒有爭議。3.自動檢舉違停，減少警力需求。4.改善市容，提升居住品質與安全。5.消滅路霸，維護社會正義。6.增加地方公庫收入。7.增加工作機會，降低失業率。8.改善行車品質及行人安全。9.提升公共交通使用意願，改善公共交通。10.降低車流量，減少堵車，改善空氣品質。11.降低車道建設需求，改善行人空間。12.活化畸零地。13.加速淘汰老舊汽機車。14.抑制汽機車數量成長。  
影響： 
1.增加汽機車使用成本，但其實只是將原本外化的成本回歸正常，使用者付費天經地義。2.減少汽車銷售量，尤其是低價車，因為這些人會移轉至公共交通。3.初期推行困難，已經習慣將成本外化的社會，一開始會難以接受增加的使用成本。政客更將會嚴厲抵制，討好短視的群眾，以吸收選票。但相信實行後將會很快因使用經驗的改善而適應。",0,0,2017-11-29 00:04:31,0,0,無,Sean Chang,,"Cars and motorcycles are parked randomly or even side by side on the roadside all over the country, which affects the safety of pedestrians and vehicles. The reason is that on the one hand, the citizens do not abide by the law and have a poor sense of public morality; on the other hand, it is because of the lack of parking spaces that it is often difficult to find one, making it difficult to follow. Sufficient parking spaces should be provided first while vigorously banning, so as to alleviate the parking demand. If open spaces such as roadsides and roadways that meet safety conditions are designated as car and motorcycle parking spaces in an all-round way, it will be improved. However, no amount of parking spaces can satisfy all situations (concentrated demand). Therefore, changing the charging method and adjusting prices flexibly according to the market mechanism can meet the demand for parking spaces and improve parking chaos. The approach is as follows: 1. Conduct a comprehensive investigation to find open spaces such as roadsides and roadways that meet safety conditions, designate car and motorcycle parking spaces and charge them comprehensively, and at the same time strengthen the crackdown on illegal parking and road bullies, and return the externalized costs to normal. 2. The price of the parking space is adjusted according to the utilization rate, and the pricing is flexible, and the utilization rate is maintained between 85 and 45%. For example: According to the statistics of the billing unit, if the usage rate is greater than 85%, it will be increased by 1 yuan, and if it is less than 45%, it will be reduced by 1 yuan. 3. The price is adjusted according to the time of day to cope with the difference between peak and off-peak hours. 4. Statistics are made from Monday to Sunday and specific holidays and adjusted every day. Set a rough price at the beginning, and then it will be automatically adjusted to the best condition gradually. 5. High pricers shorten the pricing time (for example: pricing in units of 10 minutes) to increase the turnover rate. Those with low prices extend the pricing time (for example: calculated in units of 2 hours) to reduce charging costs. If the price is lower than the charging cost, it is free. 6. Publish the real-time parking price and occupancy status through the cloud, and the fee will be charged monthly according to the license plate and sent a notification or automatically deducted. You can also check the incurred fees and payment on the cloud. 7. Mark the charging levels during peak and off-peak hours on the parking spaces, such as: very high/10 points, high/20 points, medium/30 points, low/1hr...or more than 10 yuan for 10 minutes, more than 20 yuan for 30 minutes, and more than 30 yuan for 1 hour...to facilitate users who cannot connect to the cloud to make a judgment. 8. No need to issue paper bills, use image recognition license plate automatic billing and take pictures to store certificates. The toll collector only needs to ride a bicycle or drive by at a slow speed. In case of special circumstances, manual processing or reporting is required, such as license plate defacement, wrong parking position or direction, unlicensed vehicles... 9. In the case of private land, the profit will be shared with the landlord in proportion. For example: if all the land is privately owned, the government and the landowners each have 50%. 10. A special loading and unloading area is specially set up, free of charge within 15 minutes, and progressive rates will be calculated for overtime. 11. It will be implemented in the downtown area first, and then gradually implemented in the suburban areas.",Set up a wide range of parking spaces and modify the charging method to improve parking chaos,,,,,,,
10529,10529,2018-12-23 23:39:18,https://join.gov.tw/idea/detail/d3f9ff67-6cbb-488d-97f2-561b9b35a253,應逐年調高汽機車牌照30%,"台灣榮登世界車禍傷亡密度最高國家，震驚全世界！ 
以我國103年道路交通事故傷亡高達41萬3229人數估計，平均每天都有8人因車禍過世身亡。 
社會負擔成本高達4423億3,300萬元，損失鉅大！ 
應逐年調高汽機車牌照稅及停車費30%，並同時調降30%大眾捷運票價，好鼓勵民眾以大眾運輸替代。 
 ","1.可以有效舒緩交通流量，並鼓勵民眾搭乘大眾運輸工具。 
2.每年交通事故造成上萬傷亡，可有效降低汽機車交通事故發生。 
3.全球有400萬人死於肥胖，可以鼓勵民眾多到戶外運動，降低死亡率。 
4.可減少汽機車排放對環境造成的污染，早日達到聯合國COP24憲章減碳目標。 
5.稅收可以用來補貼大眾運輸或加強鄉村基礎建設，並減少城鄉差距創造社會共贏局面。 
6.當初捷運建設成本早已回收，政策相互配合即可執行。",0,0,2018-12-23 23:41:00,0,0,無,Arthur Nelson,,"Taiwan is the country with the highest density of car accident casualties in the world, shocking the whole world! It is estimated that the number of casualties in road traffic accidents in my country in 103 years was as high as 413,229, and an average of 8 people died in traffic accidents every day. The social burden cost is as high as 442.333 billion yuan, and the loss is huge! The vehicle license tax and parking fee should be increased by 30% year by year, and the mass rapid transit ticket price should be reduced by 30% at the same time, so as to encourage the public to use mass transportation instead.",Motor vehicle licenses should be increased by 30% year by year,,,,,,,
130,130,2017-03-15 16:05:20,https://join.gov.tw/idea/detail/9e9bff81-a1ce-4812-9270-b5936285465a,提升全民行車觀念，以提升全民行車環境品質，解除禁行機慢車道，解除強制二段式左轉,"1.相信大家之前都有看到一則新聞，真的是見識到台灣民眾開(騎)車的觀念極差至極，日前在高雄，有一台汽車為了搶快闖紅燈，機車駕駛問汽車駕駛，沒看到你們變紅燈嗎?汽車駕駛回覆，沒有啊我瞎了阿，車上還坐了汽車駕駛的小孩。這種駕駛人的觀念，實在令人髮指！ 
希望政府能推動一系列的安駕講習，例如新竹安駕中心，以新竹安駕中心為主，規劃一系列的安全駕駛講座，各縣市例如監理站為輔，輔助講座的落實，以提升全台民眾駕駛觀念，降低""三寶車禍的發生""2.藉由提升駕駛的觀念，解除禁行機慢車道，降低機車行駛於外側車道，與違停車輛造成的擦撞與摩擦。3.解除強制二段式左轉，使汽/機車駕駛都能夠有最有效率，最安全的方式回家/上班。待轉區變成待撞區",1.藉由提升全民的安全駕駛觀念，可使汽/機車，能夠安全，和平的共用車道，也可以用最有效率的方式達到最高的交通疏通量，不需要在挪經費出來在路面上寫進行車慢車2.解除禁行機慢車道後，因提升行車觀念，使汽/機車可以和平共道，能夠省下更多的經費開闢新的一條機慢車繞道1.可以省去更多的道路維修保養經費2.可以減少更多的環境破壞3.左轉往左邊車道靠，右轉往右邊車道靠，這是最基本的觀念，但往往許多汽車駕駛因為外側有機車，而導致都要到路口才能停下來緩慢通過，在緩慢通過的期間，被他轉彎中阻擋的汽/機車駕駛，都需要因為他而減速，降低交通的效率，因此落實左轉靠左、右轉靠右，不僅僅是汽車駕駛才需要做到，機車駕駛也可以做到，以Youtube連結為例(特別感謝TaibeiMoto．台北摩多授權提供):安全左轉機車也是能夠做到的，在全民駕駛觀念的提升後，好處不勝枚舉。提升全民行車觀念：1.汽/機車能夠安全共道，有效率的提升交通疏導量2.無須多挪出經費維護保養多出來的繞道，以及在路面上寫進行機慢車道3.使機車也能夠安全左轉，無須再多挪出經費設置待轉區解除禁行機慢車道：1.使機車能夠安全行駛於車道內，不必被強制規定行駛於外側，導致與外側違停車輛發生擦撞，更安全2.可以將外側車道規畫成更多的停車格與車道有所區隔，使所有車輛都能夠安全行駛，也能相對解決停車問題解除強制二段式左轉：1.無須因為汽車駕駛恍惚，而使待轉區變成待撞區，更安全2.等到路口無車，或是左轉燈號亮起直接左轉，提升行車效率,5397,5000,2017-03-15 16:05:31,486,0,無,楊小樺,,"1. I believe everyone has seen a piece of news before. I really saw that the concept of driving (riding) cars in Taiwan is extremely bad. In Kaohsiung a few days ago, a car ran a red light in order to rush. This kind of driver's concept is really outrageous! It is hoped that the government can promote a series of safe driving lectures, such as the Hsinchu Safe Driving Center. The Hsinchu Safe Driving Center will plan a series of safe driving lectures, and the counties and cities, such as supervision stations, will assist in the implementation of the lectures, so as to improve the driving concept of the entire Taiwan people and reduce the occurrence of ""Sambo car accidents"". 3. Remove the forced two-stage left turn, so that the car/locomotive driver can have the most efficient and safest way to go home/work. Waiting area becomes waiting area","Promote the concept of driving for the whole people to improve the quality of the driving environment for the whole people, lift the slow lane of prohibited traffic, and lift the mandatory two-stage left turn",,,,,,,
7363,7363,2016-11-11 15:04:45,https://join.gov.tw/idea/detail/e6ed61c1-0da1-4481-a920-4a96c96848a5,"新增""禁止左轉及迴轉""標誌",有鑒於一般大眾直覺性的認知差異，時常對於交通號誌＂禁止左轉＂能不能迴轉？ ＂禁止迴轉＂能不能左轉？產生疑惑，尤其前者甚是。導致用路人違規上的糾紛或是取締不服。所以建議公路局在需同時禁止迴轉及左轉路段增設二合一標誌，明確提示用路人避免發生不必要糾紛跟模糊地帶。雖然法規上禁止左轉同時具有禁止迴轉的功效，但直覺式的提示不夠強烈。, 降低用路人當下因違規取締不服的狀況發生。,0,0,2016-11-11 15:15:20,0,0,無,李明,,"In view of the intuitive cognition differences of the general public, is it possible to turn around the traffic signal ""No left turn"" from time to time? ""No turning"" Can you turn left? Doubts arise, especially the former. Lead to disputes or dissatisfaction with the violation of regulations by passers-by. Therefore, it is recommended that the Highway Bureau add a two-in-one sign on the section where both turns and left turns are prohibited, and clearly remind passers-by to avoid unnecessary disputes and ambiguous areas. Although the law prohibits turning left and also has the effect of prohibiting turning, the intuitive reminder is not strong enough.","Add a ""No Left Turn and U-turn"" sign",,,,,,,
7692,7692,2017-04-23 13:38:23,https://join.gov.tw/idea/detail/43ef9517-c5a7-45a6-aa29-884c07730e7c,新設立四線道路應預留至少一個車道寬的安全島,如題，目前四線以上車道大多未預留足夠寬度的安全道空間，應學習歐美已開發國家的做法，在規劃四線以上道路時，就先把足夠安全道空間預留出來(至少預留一個車道寬)，將大有用處!,預留足夠寬度的安全島空間可供於交叉路口處開闢為左轉車專用道，可大幅減少“左轉車擋住直行車”的情況及因此發生車禍的風險，並提升道路運輸效率(若未預留至一個車道寬，則仍左轉車仍會擋住直行車!)；同時在沒有闢為左轉專用道的安全島空間可種植較高大僑木不儘增加綠意美化都市，更能加速碳儲存，讓自然環境及都市發展不再是那麼隔隔不入(至少有些改善)。,0,0,2017-04-23 13:46:45,0,0,無,Daniel Chiu,,"As in the title, at present, most of the lanes above the four-lane road have not reserved enough space for safety roads. We should learn from the practices of developed countries in Europe and the United States. When planning roads above four-lane roads, we should first reserve enough space for safety roads (at least one lane width), which will be of great use!",A safety island with at least one lane width should be reserved for newly established four-lane roads,,,,,,,
8504,8504,2017-11-02 18:55:20,https://join.gov.tw/idea/detail/64fbf2e2-e880-4f32-b03d-b5fcc972c6b0,將禁行機車道路移除並可直接依照燈號左轉，或者是規劃路面部分道路禁行汽車,"方案A： 
1、全面移除禁行機車路面。 
2、不強制進待轉區左轉，機車可與汽車一同在最內側之車道左轉。 
3、將燈號設定為兩段式燈號：左轉燈，以及直行(及右轉)燈。 
  
方案B： 
1、增設「禁行汽車」道路。 
 ","有鑑於落實實質的平等，為何路面有「禁行機車」的規畫呢？ 
而全世界只有臺灣有「禁行機車」的路面， 
是否應該基於「落實平等」，增設「禁行汽車」的路面規劃？ 
  
經常在三線道(或以下)並含有「禁行機車」的道路可以看到以下情形： 
1、外側車道常有汽車臨停。 
2、汽車為了搶快，行駛至外側車道與機慢車搶道。 
當發生以上情況時，機慢車經常無可安全行駛的道路，造成需要與汽車搶道的危險情況。 
有人說：「因為機車會亂鑽，所以要禁行機車。」 
但汽車駕駛也會有亂鑽的情況出現，是否也應該要有「禁行汽車」的路面，以維護機慢車的權益呢？ 
而本提案者認為：駕駛行駛交通工具於車道上亂鑽，實屬駕駛人個人駕駛觀念的問題，不應該以此為保留「禁行機車」路面的理由，取而代之的應該是加強駕駛觀念的宣導，而不是以車種劃分權利。。 
而且這樣也較為符合「左轉靠左、右轉靠右｣的觀念。 
  
而移除待轉區並更改燈號為兩段式燈號，則是基於「移除禁行機車道路」的提議： 
「待轉區」並非絕對的安全。 
目前路面上也有兩段式燈號可供汽車左轉，若汽機車可共用路面的情況下，依照兩段式燈號的設計，「機車不需要待轉」可以同時達到省時與節能減碳的效果。",0,0,2017-11-02 18:55:48,0,0,無,勇者鬥惡龍,,"Plan A: 1. Completely remove the prohibited motorcycle road. 2. It is not mandatory to enter the waiting area to turn left, and the locomotive can turn left together with the car in the innermost lane. 3. Set the light signal as a two-stage light signal: left turn light, and straight (and right turn) light. Plan B: 1. Add ""car-free"" roads.","Remove the forbidden motorcycle road and turn left directly according to the light signal, or plan to ban cars on some roads",,,,,,,
8709,8709,2017-11-10 02:42:56,https://join.gov.tw/idea/detail/ed742af2-7a1c-4ad1-bd98-5ea4b842744c,杜絕三寶駕駛  實施以駕駛人的行為、違規次數來劃分行駛路權 ,"實施以駕駛人的行為、違規次數來劃分行駛路權 ， 因每季對汽機車駕駛人審核來劃分路權。    發放行駛通行證貼在車牌1.汽車駕駛人超過規定次數當季收回高速公路、快速公、道路、包含高架道路2.251cc以上大型重型機車（黃紅牌）駕駛人，如超過規定比照汽車駕駛人路權，如未超過規定因還給比照汽車的黃紅牌高速公路路權3.普通重型機車（50cc以上250cc以下）本身就沒路權 如50cc以上至150cc如都未超過規定因給他快車道免二段式左轉基本路權，如151cc以上至250cc未超過規定允許給他們 快車道、免二段式左轉、快速公道路路權。 
若有2季都超過規定下半2季吊扣牌照2季，如2年2季都超過規定吊銷駕照 永遠不得考領。 
交通工具不是問題 問題的在用人，因該給人民安全和平環境用路行駛。 
  
 ","降低車禍發生率 
減少三寶增加 
擁有安全道路行駛 
還給人民選擇用路權 
 ",0,0,2017-11-10 02:43:05,0,0,無,騏,,"Implement the division of road rights based on the driver's behavior and the number of violations, and divide the road rights by reviewing the drivers of automobiles and motorcycles every quarter. Issuing driving passes and pasting them on the license plate. 1. Car drivers who exceed the specified number of times will take back expressways, expressways, roads, including elevated roads. Drivers of large heavy-duty locomotives (yellow and red plates) with a size of 2.251cc and above will be given the right of way if they exceed the regulations. Two-stage left turn basic right of way, such as 151cc above to 250cc not exceeding the regulations, allow them to be given the fast lane, free two-stage left turn, expressway right of way. If there are two seasons that exceed the regulations, the second half of the season will be suspended for two seasons, and if the two years and two seasons exceed the regulations, the driver's license will be revoked and you will never be able to take the test. The means of transportation is not the problem. The problem lies in the employment of people, because people should be able to use the roads in a safe and peaceful environment.","Put an end to driving with three treasures, implement the division of driving rights based on the behavior of the driver and the number of violations",,,,,,,
8744,8744,2017-11-13 16:24:10,https://join.gov.tw/idea/detail/5740f57f-eaf9-4559-8f5a-899c042241ec,拒絕塵暴受害者國賠,"首先，先對此次塵暴受害者感到默哀。不論是何種原因，碰巧也好，命中註定也罷，不幸的事就這樣發生在諸位身上。除了為逝者悲痛，也為活下來的人祈福。請加油！ 
沈重的議題從以下開始：小弟必須承認，本人非塵暴受害者家屬親友，亦非有過燒燙傷經驗，如果發言對諸位看倌造成不悅，甚至覺得在下無同理心，還請各位見諒。我只是站在一個納稅人立場，衷心期望此次國賠能夠予以駁回。凡事以法規之並以理而行，如台灣社會皆可如是，則真的可說是全民之福。但觀看新聞至今，受害者家屬之要求，實在令人難以苟同。就在下淺淺淺淺見 主辦單位>八仙>政府單位 以上責任負擔，難道不是顯而易見。為何就要因為主辦單位沒錢就轉向跟政府伸手？整體給外界的感覺就如同「反正我不管誰錯比較大，你們三方就是要賠我們錢，是誰出的錢不是重點...」頗讓人有翻不完的白眼。 
當然回過頭來說，小弟並無法阻止受害者家屬去做國賠申請；依法行政，合法申請本就是每個人的權益。這篇目的只想讓政府看到，網路上還有其他如同小弟有同樣意見之人。如果各為看倌贊同，請加入小弟此篇覆議，感謝",賠償金額甚鉅，且關乎全民，請各位政府高員審慎思量,0,0,無,0,0,無,Shawnn,,"First of all, I would like to express my condolences to the victims of this dust storm. No matter what the reason is, whether it is coincidence or fate, unfortunate things just happen to you. In addition to mourning the dead, we also pray for the survivors. Please come on! The serious topic begins with the following: I must admit that I am not a relative or friend of a dust storm victim, nor have I ever experienced burns. If my speech causes displeasure to the audience, and I even feel that I have no empathy, please forgive me. I just stand as a taxpayer and sincerely hope that the national compensation can be rejected. If everything is done according to laws and principles, as is the case in Taiwan society, it can really be said to be a blessing for the whole people. But watching the news so far, the demands of the victims' families are really hard to agree with. Is it not obvious that the above responsibilities are burdened by the organizers>Eight Immortals>government units? Why do they turn to the government because the organizer has no money? The overall feeling to the outside world is like ""Anyway, I don't care who is more wrong, you three parties just want to pay us money, who pays the money is not the point..."" It makes people roll their eyes endlessly. Of course, looking back, I can’t stop the family members of the victims from applying for national compensation; the administration is governed by law, and legal application is everyone’s right. The purpose of this article is just to show the government that there are other people on the Internet who have the same opinion as my younger brother. If everyone agrees, please join the review of this article, thank you",Rejecting national compensation for dust storm victims,,,,,,,
9639,9639,2018-01-24 17:30:05,https://join.gov.tw/idea/detail/be28d107-6169-45b9-a8af-deb75ad6be9f,"高速公路開放路肩 應該是把路肩當一個 車道開放, 可以變換車道, 而不是只限出口車使用","高速公路開放路肩 應該是把路肩當一個 車道開放, 可以變換車道, 而不是只限出口車使用 
如此才能把開放路肩的效益極大化, 不然只開放出口專用, 有的要出口的卻還是佔用其他車道 
 ","利益, 把開放路肩的效益極大化, 不適只有出口車去利用, 可降低尖峰時間塞車情形",0,0,無,1,0,無,Bob Huang,,"The open shoulder of the expressway should be opened as a lane, which can change lanes, instead of only being used by exit vehicles. Only in this way can the benefits of the open shoulder be maximized. Otherwise, only exits are open, and some exits still occupy other lanes","The open shoulder of the expressway should be treated as a lane open, which can change lanes, instead of only being used by exit vehicles",,,,,,,
10442,10442,2018-09-15 18:31:38,https://join.gov.tw/idea/detail/63ea195e-5211-4365-bf98-93c835e8251b,改善「未依燈號指示左轉」,為避免燈號標示不明確，造成駕駛人誤判，建議可於全國的多時相號誌加裝提醒標語牌,明確標示可避免駕駛人因燈號標示不熟悉，而導致違規收罰,0,0,2018-09-15 18:31:56,0,0,無,小峰,,"In order to avoid ambiguous signage and misjudgment by drivers, it is recommended to install reminder placards on multi-phase signs across the country","Improving ""turning left without following the signal""",,,,,,,
10995,10995,2019-10-17 01:20:28,https://join.gov.tw/idea/detail/275c8618-b2ec-4836-8051-14a1925563af,汽車強制二段式左轉,"因為時常有汽車駕駛人因為左轉""未注意""或是""被A柱檔住"" 
而不小心衝撞綠燈直行的汽車、機車、腳踏車或是行人。 
為了自己以及騎他用路人的安全應強制汽車實行二段式左轉 
汽車待轉格在機車待轉格左方，也能增加機車待轉時的安全感","1.汽車實行二段式左轉可以減少車禍，增加用路人安全。 
2.綠燈直行的機車跟路人能大幅度的減少傷亡。 
3.汽車待轉格在機車左方，這樣子有其他汽、機車不小心衝撞代轉區， 
　也因為有板金能相對保護好自己以及機車駕駛人。 
4.汽車駕駛人不會再因為被A柱檔住視線左轉而發生車禍。 
5.藉此提升汽車駕駛人安全駕駛的觀念。",0,0,2019-10-17 01:29:46,0,0,無,乎孤,,"Because there are often car drivers who accidentally bump into cars, motorcycles, bicycles or pedestrians going straight on the green light because they turn left ""not paying attention"" or ""blocked by the A-pillar"". For the safety of yourself and other passersby, cars should be forced to turn left in two stages. The car waiting to turn is on the left side of the locomotive waiting to turn, which can also increase the sense of security when the locomotive is waiting to turn.",Car forced two-stage left turn,,,,,,,
11931,11931,2020-10-19 13:57:18,https://join.gov.tw/idea/detail/04d9ee7d-53b3-4bae-a44b-8839db5dd8f6,國道與快速道路以外之一般道路取消禁行機車與取消強制兩段式左轉,"1.機車本質為快車，可輕鬆達到一般道路之速限，不該和慢車一起管理與使用相同車道 
2.取消車種分流，回歸車速和車向分流 
3.加強取締未依規定變換車道及內側右轉、外側左轉（不分車種） 
4.政策宣導並修法慢速車流與靜止車流時，機車合法使用車道分割 
5.加強取締任意變換車道、正常車速時鑽車縫的行為 
6.機車依規定變換車道和跟上車流速度行駛時，加強取締汽車逼迫讓道的行為 
7.取消強制兩段式左轉，慢速車可維持兩段式左轉 
8.機車待轉區在交通尖峰時刻無法容納所有機車進入停等，路口停車反而暴露更多危險，可能與對向左轉車產生碰撞，且許多待轉區劃設在慢車道直線路線上，根本逼迫機車搶道甚至相撞 
9.道路平權是世界各國基本的用路觀念，中華民國台灣政策性打壓機車與獨厚汽車的交通規則和道路設計，讓汽車駕駛自以為高人一等，產生許多逼車行為，政府應立即正視並且從根本修法 
10.交通部直接公布並實施，不要再踢皮球給各地縣市政府，政策變更一定有陣痛，但這不是不朝對的方向前進的理由","1.增加道路利用率，相同道路面積，機車能更有效利用 
2.取消強制兩段左轉，可減少機車停等不必要的紅燈，讓交通順暢 
 ",0,0,2020-10-19 13:59:28,0,0,無,仙進摑佳,,"1. Locomotives are fast cars in nature and can easily reach the speed limit of ordinary roads. They should not be managed and used in the same lane with slow cars. 2. Cancel the splitting of vehicle types and return to the splitting of vehicle speed and direction. It is stipulated that when changing lanes and keeping up with the speed of traffic, the behavior of forcing cars to give way should be strengthened. 7. Cancel the mandatory two-stage left turn, and slow vehicles can maintain two-stage left turns. In the Republic of China, Taiwan’s policy of suppressing locomotives and exclusive cars’ traffic rules and road design made car drivers feel superior to others, resulting in many driving behaviors. The government should immediately face up to it and fundamentally amend the law.",General roads other than national highways and expressways cancel prohibition of locomotives and cancel compulsory two-stage left turn,,,,,,,
12079,12079,2020-12-03 13:57:50,https://join.gov.tw/idea/detail/ba138ddb-f219-469e-bcd9-c9757701b7ff,立法修正道路邊線(將現行道路邊線改以顏色測底區分),現行車道線、道路邊線僅以10、15公分區別，開車在路上實難以區別(視角問題)，且容易遭檢舉達任惡意檢舉，應修法將道路邊線以綠色或其他色標示，讓民眾一看就知道，減少民眾在不知情的狀況下違規。,減少民眾在不知情的狀況下違規。,0,0,無,2,1,無,郭先生,,"The current lane line and road sideline are only separated by 10 or 15 centimeters. It is difficult to distinguish when driving on the road (perspective problem), and it is easy to be reported or maliciously reported. The law should be amended to mark the road sideline in green or other colors so that the public can know it at a glance, so as to reduce the number of people who violate the rules without knowing it.",Legislative revision of road sidelines (change the current road sidelines to color bottoming for distinction),,,,,,,
12119,12119,2020-12-20 21:20:15,https://join.gov.tw/idea/detail/5d4abf5b-c693-4661-8862-2f18ae30aed3,禁止媒體用未兩段式左轉、飆速及其他不實聳動標題報導機車事故,任何車種左轉均須確認後方車輛狀況，待允許時切到內側，並等對向車流空檔時才可左轉，外側違規左轉或是未讓直行車搶快左轉並不是因為未兩段式左轉肇事，如此下標題只會誤導社會大眾認為騎士要求的不強制兩段式左轉是違規左轉,"導正媒體報導機車事故風氣，讓大眾了解機車左轉等同其他車種，騎士並不是要求可以任意違規左轉，避免聳動不實標題，只為了吸引流量 
 ",0,0,2020-12-20 21:22:07,0,0,無,仙進摑佳,,"Any type of vehicle that turns left must confirm the condition of the vehicles behind it, cut to the inside when it is allowed, and turn left only when there is a gap in the oncoming traffic flow. Illegal left turns on the outside or failure to allow straight-through vehicles to turn left quickly are not caused by failure to make a two-stage left turn. Such a headline will only mislead the public to think that the non-mandatory two-stage left turn requested by the knight is an illegal left turn","The media is prohibited from reporting locomotive accidents with non-two-stage left turns, speeding and other false and sensational headlines",,,,,,,
12264,12264,2021-01-05 16:33:24,https://join.gov.tw/idea/detail/26935897-1bdb-4539-a9bd-8f967a41fbbf,建議霧峰區交響樂團區域，紅綠燈增設左轉右轉燈，可錯開行人通行時間,"行人方向⬆ 
1:麥味登~補習班 
2:飲料店~補習班 
3:交響樂~麥味登 
4:交響樂~飲料店 
汽機方向↪↩右轉 
3:飲料店↪郵局 
1:交響樂↩明台高中 
4:麥味登↪麥當勞 
2:麥味登↩郵局 
 "," 
 時間同樣 
 方向不同 
 避免爭道 
 人車禮讓 
 燈號清楚 
",0,0,2021-01-05 16:34:34,0,0,無,張小敏,,Pedestrian direction ⬆ 1: Madden~Training Class 2: Beverage Shop~Training Class 3: Symphony~Madvedon 4: Symphony~Beverage Shop Turn right in the direction of steam turbine 3: Beverage Shop↪Post Office 1: Symphony↩Mingtai High School 4: Madden↪McDonald’s 2: Madden↩Post Office,"It is suggested that in the symphony orchestra area of ​​Wufeng District, the traffic lights should be equipped with left-turn and right-turn lights, which can stagger the passing time of pedestrians",,,,,,,
13292,13292,2021-08-10 00:42:08,https://join.gov.tw/idea/detail/ce5949cf-8785-48ea-82f1-dd6baf271aae,取消機車排氣量151CC以上~250CC以下的牌照稅,"因排氣量151CC以上~250CC以下的機車仍然是白底黑字車牌 
白底黑字車牌的機車以目前的交通規定禁止上快速道路以及行駛平面道路的禁行機車道和強制兩段式左轉等 
排氣量150CC以下則免繳牌照稅 
排氣量151CC以上~250CC以下的機車多繳800元牌照稅根本沒有意義","同樣車牌顏色必須平等 
既排氣量150CC以下的機車免繳牌照稅 
所以排氣量151CC以上~250CC以下的機車也要免繳牌照稅",0,0,2021-08-10 00:42:53,0,0,無,舜仔,,"Because the locomotive with a displacement above 151CC and below 250CC still has a black plate on a white background. According to the current traffic regulations, a motorcycle with a black letter on a white background is prohibited from using the expressway, driving on a plane road with a no-motorcycle lane, and forced two-stage left turns.",Cancellation of license tax for locomotives with engine displacement above 151CC and below 250CC,,,,,,,
13830,13830,2022-01-16 15:59:24,https://join.gov.tw/idea/detail/6f1e57e0-b7cf-4760-a573-252d70f5e92f,任命趙先生為國安會秘書長或行政院長,法國曾經出現左右共治，馬政府時代曾有任命謝先生為閣揆之呼聲。,台北的天空。,0,0,無,0,0,無,裕容,,"There was a co-governance between the left and the right in France, and there was a call for Mr. Xie to be appointed as the cabinet during the Malaysian government.",Appoint Mr. Zhao as Secretary-General or Executive Director of the National Security Council,,,,,,,
128,128,2016-05-25 12:38:24,https://join.gov.tw/idea/detail/40ac6c53-4ad7-415e-970b-afbcaeadf9c6,以開放透明、公共參與的方式解決網路叫車平台爭議,"台灣社會乃至全球，於網路叫車平台（Uber 等）議題看法高度分歧，交通部長賀陳旦就任前也認為：「⋯⋯Uber 問題才是真正的挑戰，不能用合法與否或罰款來解決⋯⋯。」並表示：「這已不能靠單一法令一直取締可解決，還要考量消費者期待，若法律比較落伍就什麼都不能做了，未來將參考國外做法有限度開放 Uber。」當時甚至還被媒體譽為「終於等到想處理 Uber 問題的交通部長」。然而，賀陳旦部長就任後，交通部唯一的處方就是與六都警力合作，針對 Uber 展開前所未有的中央地方聯合大稽查。
 
蔡英文總統當選前喊出「史上最會溝通的政府」，並於就職演說強調人民的期待就是「解決問題」，新政府執政後將如何落實至各層次尚不清楚，但即便過去被認為不怎麼會溝通的政府，尚且經由全民協作，於去年修訂完成「網路政策白皮書」 ，將「調適共享經濟法制」列為相關政策推動及全民參與公共事務的行動方案之一。日前新舊政府交接項目之一的「法規政策影響評估制度規劃構想」，也明言制訂管制措施時，應廣泛納入公眾意見，以減少日後衍生爭議，避免耗損溝通與法規調整成本。
 
針對該等平台合法性，交通部原稱：「⋯⋯由於此類業者並非從事公路法規定之汽車運輸業務⋯⋯將就資料蒐集後⋯⋯會等相關主管機關適時進行調查。」實則僅就「爭議是否涉及政府其他主管機關權管法令部分函請相關主管機關協助釐清」，並無調查報告。再以「現行規定未臻明確，為避免產生爭議」為由，逕自修正計程車客運服務業申請核准經營辦法，並據此判定平台違法。後又修正自用車違規營業處罰基準表，對駕駛加重處罰。以上情事共同特徵即為決策不透明，沒有與各界溝通，更未納入公眾意見。
 
事實上，新舊政府交通部始終缺乏開放決策作為，更時常站在對立面。在以凝聚共識為目的之虛擬世界法規調適交流平台上，煙火般的意見徵集與諮詢會議過後，至今已近九個月，交通部連討論案都尚未提出，遑論後續的討論、建議、草案，與定案。然自 Uber 等平台進入台灣以來，法規鬆綁論述不知凡幾，交通部閉門會議或民間自辦座談中，也不乏各方專家學者倡言應調適法規以因應創新，法規不宜墨守成規更是前述意見徵集階段之共同意見。換言之，交通部的所作所為，都是在沒有社會共識，高度爭議狀態下的獨斷獨為。
 
為實質化解爭議，本提議具體建議如下： 

公開過往交通部相關諮詢會議記錄，並闡明其與交通部決策之間的關係；
進行網路叫車平台實證調查研究，確認其於公共福利與交通安全之影響；
提出國家共享經濟策略，實施管制影響評估，研擬是否管制與如何管制；
參酌意見徵集與諮詢會議之結果，提出網路叫車平台與計程車業法規調適討論案，並納入使用者為利害關係人，進入後續討論等各階段；
暫停訴訟與取締，但如有需要，繼續對行為人蒐證。
","目前爭議聚焦之網路叫車平台，其實只是邁向無人駕駛的過渡階段，在更大幅度機器取代人力的日子來臨時，不僅運輸產業將受影響，而是所有行業都會受到巨大衝擊，也因此有許多工作機會銳減的預測，政府在過程中如何治理，攸關人民是否能平順迎向未來，所以政府如何化解本件爭議，實具有指標意義。
 
從這角度來看，交通部僅針對特定服務參與者開罰的做法，至多只能在一段時間內，將特定行業圈在一個或許僅能糊口的框架，而無助於因應未來。如果政府拿不出真正的辦法，為什麼不開放決策集思廣益呢？
 
「⋯⋯這些活潑的平台要求開放，而這個開放裡面最大的挑戰就是在於政府自己願不願意開放，不管從法令，資訊還有心態來做這件事情。」－賀陳旦，「共享經濟 創造新竹價值」科技論壇導言
 
期待部長找回過往的自己，領導交通部開放決策有什麼困難，請讓公民做為你的後盾。",5419,5000,2016-06-15 18:19:03,733,0,無,nchild,,"Taiwanese society and the whole world have highly divided opinions on the issue of online car-hailing platforms (Uber, etc.). Before taking office, Minister of Transportation He Chendan also believed: ""...Uber's problem is the real challenge, and it cannot be solved by whether it is legal or not or fines...."" Minister of Transport"". However, after Minister He Chendan took office, the only prescription for the Ministry of Communications was to cooperate with the police forces in Liudu to launch an unprecedented central and local joint inspection of Uber. President Tsai Ing-wen called out ""the most communicative government in history"" before she was elected, and emphasized in her inaugural speech that the people's expectation is to ""solve problems"". It is not clear how the new government will implement it at all levels after it takes office, but even the government, which was considered to be not very communicative in the past, revised and completed the ""Internet Policy White Paper"" last year through the cooperation of the whole people, and listed ""adjusting the sharing economy legal system"" as one of the action plans for relevant policy promotion and public participation in public affairs. Recently, the ""Planning Conception of Regulations and Policies Impact Assessment System"", one of the handover projects between the old and new governments, also stated that when formulating control measures, public opinions should be widely included in order to reduce future derivative disputes and avoid wasting communication and regulatory adjustment costs. Regarding the legality of these platforms, the Ministry of Communications originally stated: ""...Since such operators are not engaged in the automobile transportation business stipulated in the Highway Law... After collecting data...the relevant competent authorities will conduct an investigation in due course."" In fact, only ""whether the dispute involves other government agencies' powers and regulations"" will be sent to the relevant competent authorities for assistance in clarifying, and there is no investigation report. Then, on the grounds that ""the current regulations are not yet clear, in order to avoid disputes"", they directly amended the procedures for the application and approval of the taxi passenger transport service industry, and based on this, the platform was determined to be illegal. Later, the benchmark table of penalties for violations of self-use vehicles was revised, and penalties for driving were increased. The common feature of the above cases is that the decision-making is not transparent, there is no communication with all walks of life, and it has not been included in public opinion. In fact, the Ministry of Communications of the old and new governments has always lacked open decision-making actions, and often stands on the opposite side. It has been nearly nine months since the pyrotechnic opinion collection and consultation meeting on the virtual world regulation adjustment exchange platform aimed at building consensus, and the Ministry of Communications has not even proposed a discussion proposal, let alone subsequent discussions, suggestions, drafts, and finalized decisions. However, since Uber and other platforms entered Taiwan, there have been many discussions on the loosening of laws and regulations. In the closed-door meeting of the Ministry of Communications or private forums, there are many experts and scholars from various parties who advocate that laws and regulations should be adjusted to cope with innovation. It is the common opinion of the above-mentioned opinion collection stage that laws and regulations should not be rigid. In other words, what the Ministry of Communications did was arbitrary without social consensus and in a state of high controversy. In order to substantively resolve the dispute, the specific suggestions of this proposal are as follows: disclose the records of previous consultation meetings of the Ministry of Communications, and clarify the relationship between them and the decisions made by the Ministry of Communications; conduct empirical research on online car-hailing platforms to confirm their impact on public welfare and traffic safety; propose a national sharing economy strategy, implement regulatory impact assessments, and study whether and how to regulate; consider the results of opinion solicitation and consultation meetings, propose a discussion on the adjustment of online car-hailing platforms and taxi industry regulations, and include users as stakeholders, and enter the follow-up discussion and other stages; suspend litigation And ban, but if necessary, continue to search for evidence on the perpetrator.","Resolve disputes over online car-hailing platforms in an open, transparent and public-participatory manner",,,,,,,
142,142,2019-02-28 22:01:55,https://join.gov.tw/idea/detail/35980390-9f59-4856-8f4a-98e88fbcd05e,提議立網約車專法，保護租賃業與代僱駕駛的就業權利,舊的交通法規，無法適合新的科技平台形式，不論怎麼修改都漏洞百出！建議重新訂立網約車平台專法，保護創新平台與代僱駕駛的就業權。,"租賃業者與科技平台的合作，早已經合法，交通部卻因為計程車的施壓，企圖於原有法規上進行修改，來打壓租賃業者與代僱駕駛的生存空間！ 
之前已經宣告合法，現在又修法打壓，有違法律的信任原則！並且對投入資金的業者造成極大的損失！ 
舊的法令不論怎麼修改都漏洞百出，建議另立專章新法，符合時代的潮流與趨勢！",5352,5000,2019-02-28 22:04:50,825,0,無,Miss J,,"The old traffic regulations cannot be adapted to the new technological platform form, no matter how they are modified, they will be full of loopholes! It is recommended to re-establish the special law on online car-hailing platforms to protect the employment rights of innovative platforms and hired drivers.",Propose the establishment of a special law on online car-hailing to protect the employment rights of the leasing industry and hired drivers,,,,,,,
7536,7536,2017-01-17 16:32:36,https://join.gov.tw/idea/detail/325b10b0-26a4-443a-be05-18091c7c67da,計程車於營業時間違反法應加重刑責,"主要訴求： 
1.有照計程車司機於營業時間內違法應加重刑罰 
2.車隊、車行旗下司機如多人違法，應受連帶責任 
=============================================== 
計程車一直以來犯罪案件不斷，更不用說平常的道路違規案件多如牛毛 
以前計程車刑事案件多發生在本國國民身上 
但是現在光觀業興起，台灣與國際接軌 
卻也讓外國旅客成為計程車犯罪下的犧牲品 
近日泰國、日本旅客遭敲詐案件 
日籍旅客因計程車違規而遭撞死 
以及更加嚴重的韓國旅客性侵案件 
不只重創台灣光觀產業，更有損台灣國際形象 
預防勝於治療，需要各位的危機意識 
  
 ","主要利益與影響： 
1.提升計程車司機素質 
2.強化計程車車隊、車行間良性競爭 
3.提升、維護國家門面 
=========================================== 
計程車從業人員是經過相關規定考核的有照人員 
而相關的法規是否已經年久失修跟不上時代演變了? 
又或者是不夠嚴謹才讓如此之多的品行操守有問的人員成為合格司機? 
除了修改相關人員考核規定外 
建議比照公務人員於營業時間內相關犯罪加重懲處 
無照駕駛的Uber都可以開出這種天價罰款了 
這些有照的相較之下現行罰則根本不痛不癢 
而目前存在的相關車隊、車行原本應該是約束計程車司機的存在 
形成良性競爭才對 
但是現在卻無法有效管理司機 
車隊、車行旗下司機多人犯法違規 
應負連帶責任 
採取罰款甚至解散",0,0,無,1,1,無,陳智文,,"Main appeals: 1. Licensed taxi drivers who break the law during business hours should be given heavier penalties. 2. If more than one driver in a fleet or a car dealership violates the law, they should be jointly and severally liable Victims of Taxi Crimes Recent cases of extortion of tourists from Thailand and Japan Japanese tourists were killed due to taxi violations and even more serious cases of sexual assault by Korean tourists not only severely damaged Taiwan’s tourism industry, but also damaged Taiwan’s international image. Prevention is better than cure, and everyone’s crisis awareness is needed.",Penalty should be increased for taxis violating the law during business hours,,,,,,,
7854,7854,2017-06-17 15:35:33,https://join.gov.tw/idea/detail/cc8deb6c-7e60-49d4-a734-65d6122a4ebb,針對uber乘客平台重啟討論,"  
 
  Uber爭議緣由起先於他是一個無法可管的新創產業模式， 但是由於在計程車等利益團體施壓下， 交通部路政司方面修改了 
 計程車客運服務業經營核准辦法第二條 
   
 本辦法所稱派遣，係指接受消費者提出之乘車需求後， 以下列方式之一提供計程車客運業及其駕駛人服務並收取費用之營運方式： 
  
 一、指派消費者搭車所在地同一營業區域內特定計程車前往載客。 
 二、指派一輛以上計程車予消費者選擇後前往載客。 
   
  
 把網路運輸媒合平台定義為計程車客運服務業一種 
   
  
 導致uber深陷違反公路法77條之第二款之爭議中 
   
  
 未依本法申請核准，而經營汽車或電車運輸業者， 得依其違反情節輕重， 
   
  
 處新臺幣十萬元以上二千五百萬元以下罰鍰，並勒令其歇業， 其非法營業 
 之車輛牌照及汽車駕駛人駕駛執照，並得吊扣四個月至一年， 或吊銷之， 
 非滿二年不得再請領或考領。 
   
  
 因此來自巴西的easy taxi 不得已的退出台灣 
   
  
 http://m.ltn.com.tw/news/life/ paper/843963 
 
  
 
 ~~~~~~~~~~~~~~~~~~~~~ 
  
 倘若uber登記成計程車客運服務業則會面臨一些不必要的限制 
  
 1. 車型受到政府管制 
  
 2. 費率下限仍和計程車相同， 形同沒鬆綁一樣    
  
 3.仍要考取計程車執業登記證(在此我不是要它廢掉， 而是汽車導航，gps等科技進步， 計程車職業登記考試有檢討廢除之必要 
  
 4.  計程車牌照發放受到人口成長率物價指數等限制    
  
 5.  計程車不能跨區營業否則會被開罰 
  ~~~~~~~~~~~~~~~~~~~~~ 
  
 Uber來台近4年來，歷經了政黨輪替， 
  
 我也沒看到政府對新創產業有進一步討論，甚至法規做出改變， 反而今年元月政府因計程車利益團體施壓將罰鍰提升至10萬到2500萬天價罰鍰之下只會嚇跑想來台灣投資的外國新創業者 
  
 並且2500萬的天價罰鍰不只是影響到國外新創業者， 甚至我們台有些本土新創業者因為 2500萬的天價影響，公司面臨了破產無法經營下去的危機。 
  http://m.ltn.com.tw/news/life/ paper/84396 
  
 就因為如此歐洲，原先禁止uber營業的國家等有些甚至已經解除了禁止，甚至紛紛開始在檢討立新法，或是檢討調整舊有法規~~~~~~~~~~~~~~~~~~~~~~~~~~~~~~~~~~~~~~~ 
 
  民主進步黨黨團所提案之公路法77條及增訂78條之一修正草案影響新創 產業重大 
~~~~~~~~~~~~~~~~~~~~~~~~~~~~~~~~~~~~~~~~~~~~~ 
重重打擊國內之新創業者不敢有創新行為，資本額小的公司因為開罰好幾次，導致罰鍰一天累積幾千萬公司不得不面臨破產無法經營下去危機 
由民眾檢舉uber司機，行政機關從罰鍰抽取一定比例作為獎金，不只撕裂了人民之間互相信賴的情感，更能顯示出政府對新創之什麼態度而言? 
嚇跑國外新創業者，因台灣行政機關固有僵化思維，面對新創產業不去重視面對以及行政機關面對新創產業只有罰。 
因為台灣行政機關不願做出改變，導致國外新創業者對台灣卻步，甚至因為公路法的修正導致國外業者表示未來不願在台灣投入資金加碼投資 
因為政府固有化的思維，國外新創業者不來台灣，國內新創業者不敢創新，人民失去了新創產業帶來的工作機會，國內失業率居高不下，以及政府推行的前瞻建設經費半數用來做軌道建設，既也做不出什麼成果來，增加不了工作機會，舉債的後果是你我下一代皆要承受的後果 
  
~~~~~~~~~~~~~~~~~~~~~~~~~~~ 
倘若此封連署案若能有5000人以上連署，請交通部立即執行以下幾點要求 
~~~~~~~~~~~~~~~~~~~~~~~~ 
1.立即召開跨部會會議由行政院邀請交通部，經濟部，財政部，國發會等部會以及邀請uber公司代表，民間團體以及學者一同參與跨部會會議討論科技化所衍伸出的網路運輸媒合產業是否該去修正現有的法規或是立新法，來管理它，有個法源依據 
~~~~~~~~~~~~~~~~~~~~~~~~~~~~~~~~~~~~~~~~~~~~ 
2. 民主進步黨黨團所提案修正三讀通過的公路法77條修正草案，不只違反了憲法所保障人民的財產權，也嚴重違反了比例原則，因此連署案通過     請後交通部參考我所提供之公路法77條修正意見，並請交通部在一個月內擬具公路法77條修正草案送交由行政院審查，通過以後轉送立法院審查，並請交通部積極的與朝野黨團溝通協調，讓公路法77條修正草案早日得以三讀通過。 
~~~~~~~~~~~~~~~~~~~~~~~~~~~~~~~~~~~~~~~~~~~~ 
個人建議公路法77條修正草案 
[黑色粗體字為公路法77條建議修正文字草案的意思] 
[公路法77條修正草案中括弧中為把文字刪除的意思] 
~~~~~~~~~~~~~~~~~~~~~~~ 
汽車或電車運輸業，違反依第七十九條第五項所定規則者，由公路主管機關處新臺幣九千元以上九萬元以下罰鍰，並得按其情節，吊扣其違規營業車輛牌照一個月至三個月，或定期停止其營業之一部或全部，並吊銷其非法營業車輛之牌照，或廢止其汽車運輸業營業執照及吊銷全部營業車輛牌照。未依本法申請核准，而經營汽車或電車運輸業者，得依其違反情節輕重，處新臺幣十萬元以上[二千]五百萬元以下罰鍰，並違規營業達一定次數得勒令其歇業，其非法營業之車輛牌照及汽車駕駛人駕駛執照，並得吊扣四個月至六個月，或吊銷之。 
[非滿二年不得再請領或考領。] 
計程車客運服務業違反依第五十六條所定辦法者，處新臺幣三萬元以上九萬元以下罰鍰，公路主管機關得按其情節，予以糾正並限期改善、限期停止其繼續接受委託六個月至一年或廢止其營業執照。 
未依本法申請核准，經營計程車客運服務業者，得依照違反反情節之輕重，處新臺幣十萬元以上[二千]五百萬元以下罰鍰，並違規營業達一定次數得勒令其歇業，其非法營業之車輛牌照及汽車駕駛人駕駛執照，並得吊扣四個月至六個月，或吊銷之。 
民營汽車駕駛人訓練機構違反依第六十二條之一所定管理辦法者，公路主管機關應予糾正並限期改善、核減招生人數、定期停止派督考、定期停止招生、或廢止其立案證書。汽車駕駛人訓練機構經廢止核准籌設或廢止立案證書者，原班址及原負責人一年內不得申請設立汽車駕駛人訓練機構。 
未依本法申請核准，而經營汽車駕駛人訓練機構者，處新臺幣五萬元以上十五萬元以下罰鍰，並違規營業達一定次數得勒令其歇業。其非法營業之車輛牌照並得吊扣二個月至六個月，或吊銷之，非滿一年不得再請領。 
依第一項、第二項及前項規定吊銷之車輛牌照，其汽車所有人不依限期繳回牌照者，由公路主管機關逕行註銷之。依第二項規定經吊銷駕駛執照，其汽車駕駛人不依限期繳回駕駛執照者，亦同。 
本法中所規定達一定次數得勒令歇業之標準由交通部定之 
  
  
 ","促使交通部正視uber創新產業模式，不可因為計程車利益團體的施壓，就把uber一昧的認定為傳統計程車業並且因為他沒登記計程車業而不斷的去開罰它 
  
由行政院召開跨部會會議邀請uber公司代表及民間團體學者們一同參與，藉由跨部會會議討論機制促使政府民間雙方討論出科技化所衍伸出的創新經濟產業是否該去修正現有的法規，來管理它",0,0,2017-06-17 16:21:38,0,0,無,Jasmin wang,,   Uber爭議緣由起先於他是一個無法可管的新創產業模式， 但是由於在計程車等利益團體施壓下， 交通部路政司方面修改了  計程車客運服務業經營核准辦法第二條    本辦法所稱派遣，係指接受消費者提出之乘車需求後， 以下列方式之一提供計程車客運業及其駕駛人服務並收取費用之營運方式：    一、指派消費者搭車所在地同一營業區域內特定計程車前往載客。  二、指派一輛以上計程車予消費者選擇後前往載客。      把網路運輸媒合平台定義為計程車客運服務業一種      導致uber深陷違反公路法77條之第二款之爭議中      未依本法申請核准，而經營汽車或電車運輸業者， 得依其違反情節輕重，      處新臺幣十萬元以上二千五百萬元以下罰鍰，並勒令其歇業， 其非法營業  之車輛牌照及汽車駕駛人駕駛執照，並得吊扣四個月至一年， 或吊銷之，  非滿二年不得再請領或考領。      因此來自巴西的easy taxi 不得已的退出台灣      http://m.ltn.com.tw/news/life/ paper/843963     ~~~~~~~~~~~~~~~~~~~~~    倘若uber登記成計程車客運服務業則會面臨一些不必要的限制    1. 車型受到政府管制    2. 費率下限仍和計程車相同， 形同沒鬆綁一樣     3.仍要考取計程車執業登記證(在此我不是要它廢掉， 而是汽車導航，gps等科技進步， 計程車職業登記考試有檢討廢除之必要    4. 計程車牌照發放受到人口成長率物價指數等限制      5. 計程車不能跨區營業否則會被開罰  ~~~~~~~~~~~~~~~~~~~~~    Uber來台近4年來，歷經了政黨輪替，    我也沒看到政府對新創產業有進一步討論，甚至法規做出改變， 反而今年元月政府因計程車利益團體施壓將罰鍰提升至10萬到2500萬天價罰鍰之下只會嚇跑想來台灣投資的外國新創業者    並且2500萬的天價罰鍰不只是影響到國外新創業者， 甚至我們台有些本土新創業者因為 2500萬的天價影響，公司面臨了破產無法經營下去的危機。  http://m.ltn.com.tw/news/life/ paper/84396    就因為如此歐洲，原先禁止uber營業的國家等有些甚至已經解除了禁止，甚至紛紛開始在檢討立新法，或是檢討調整舊有法規~~~~~~~~~~~~~~~~~~~~~~~~~~~~~~~~~~~~~~~   民主進步黨黨團所提案之公路法77條及增訂78條之一修正草案影響新創 產業重大 ~~~~~~~~~~~~~~~~~~~~~~~~~~~~~~~~~~~~~~~~~~~~~ 重重打擊國內之新創業者不敢有創新行為，資本額小的公司因為開罰好幾次，導致罰鍰一天累積幾千萬公司不得不面臨破產無法經營下去危機 由民眾檢舉uber司機，行政機關從罰鍰抽取一定比例作為獎金，不只撕裂了人民之間互相信賴的情感，更能顯示出政府對新創之什麼態度而言? 嚇跑國外新創業者，因台灣行政機關固有僵化思維，面對新創產業不去重視面對以及行政機關面對新創產業只有罰。 因為台灣行政機關不願做出改變，導致國外新創業者對台灣卻步，甚至因為公路法的修正導致國外業者表示未來不願在台灣投入資金加碼投資 因為政府固有化的思維，國外新創業者不來台灣，國內新創業者不敢創新，人民失去了新創產業帶來的工作機會，國內失業率居高不下，以及政府推行的前瞻建設經費半數用來做軌道建設，既也做不出什麼成果來，增加不了工作機會，舉債的後果是你我下一代皆要承受的後果  ~~~~~~~~~~~~~~~~~~~~~~~~~~~ 倘若此封連署案若能有5000人以上連署，請交通部立即執行以下幾點要求 ~~~~~~~~~~~~~~~~~~~~~~~~ 1.立即召開跨部會會議由行政院邀請交通部，經濟部，財政部，國發會等部會以及邀請uber公司代表，民間團體以及學者一同參與跨部會會議討論科技化所衍伸出的網路運輸媒合產業是否該去修正現有的法規或是立新法，來管理它，有個法源依據 ~~~~~~~~~~~~~~~~~~~~~~~~~~~~~~~~~~~~~~~~~~~~ 2. 民主進步黨黨團所提案修正三讀通過的公路法77條修正草案，不只違反了憲法所保障人民的財產權，也嚴重違反了比例原則，因此連署案通過  請後交通部參考我所提供之公路法77條修正意見，並請交通部在一個月內擬具公路法77條修正草案送交由行政院審查，通過以後轉送立法院審查，並請交通部積極的與朝野黨團溝通協調，讓公路法77條修正草案早日得以三讀通過。 ~~~~~~~~~~~~~~~~~~~~~~~~~~~~~~~~~~~~~~~~~~~~ 個人建議公路法77條修正草案 [黑色粗體字為公路法77條建議修正文字草案的意思] [公路法77條修正草案中括弧中為把文字刪除的意思] ~~~~~~~~~~~~~~~~~~~~~~~ 汽車或電車運輸業，違反依第七十九條第五項所定規則者，由公路主管機關處新臺幣九千元以上九萬元以下罰鍰，並得按其情節，吊扣其違規營業車輛牌照一個月至三個月，或定期停止其營業之一部或全部，並吊銷其非法營業車輛之牌照，或廢止其汽車運輸業營業執照及吊銷全部營業車輛牌照。未依本法申請核准，而經營汽車或電車運輸業者，得依其違反情節輕重，處新臺幣十萬元以上[二千]五百萬元以下罰鍰，並違規營業達一定次數得勒令其歇業，其非法營業之車輛牌照及汽車駕駛人駕駛執照，並得吊扣四個月至六個月，或吊銷之。 [非滿二年不得再請領或考領。] 計程車客運服務業違反依第五十六條所定辦法者，處新臺幣三萬元以上九萬元以下罰鍰，公路主管機關得按其情節，予以糾正並限期改善、限期停止其繼續接受委託六個月至一年或廢止其營業執照。 未依本法申請核准，經營計程車客運服務業者，得依照違反反情節之輕重，處新臺幣十萬元以上[二千]五百萬元以下罰鍰，並違規營業達一定次數得勒令其歇業，其非法營業之車輛牌照及汽車駕駛人駕駛執照，並得吊扣四個月至六個月，或吊銷之。 民營汽車駕駛人訓練機構違反依第六十二條之一所定管理辦法者，公路主管機關應予糾正並限期改善、核減招生人數、定期停止派督考、定期停止招生、或廢止其立案證書。汽車駕駛人訓練機構經廢止核准籌設或廢止立案證書者，原班址及原負責人一年內不得申請設立汽車駕駛人訓練機構。 未依本法申請核准，而經營汽車駕駛人訓練機構者，處新臺幣五萬元以上十五萬元以下罰鍰，並違規營業達一定次數得勒令其歇業。其非法營業之車輛牌照並得吊扣二個月至六個月，或吊銷之，非滿一年不得再請領。 依第一項、第二項及前項規定吊銷之車輛牌照，其汽車所有人不依限期繳回牌照者，由公路主管機關逕行註銷之。依第二項規定經吊銷駕駛執照，其汽車駕駛人不依限期繳回駕駛執照者，亦同。 本法中所規定達一定次數得勒令歇業之標準由交通部定之   ,Restart discussion on uber passenger platform,,,,,,,
8279,8279,2017-10-25 00:56:32,https://join.gov.tw/idea/detail/34d4c416-19a8-4ef9-87ec-4acc39998205,加強規範媒體報導方式,"現今各家新聞媒體擦脂抹粉,搶爭收視之報導方式明顯,任何類型新聞皆能以似是而非的結論,以及過度民粹之方式迎合民眾,雖明眼人一看便知,但仍然在潛移默化下,影響民眾之客觀判斷,。 
舉一例,試問訪問計程車司機對於油價漲的看法,常理之下有誰會說合理?其中的國際油價漲跌原因,美國開採頁岩油,產油國戰爭,中油計價方式等專業性,國際性問題孩子們懂嗎,其對於成人都是個難題,大都難以扺擋新聞結論為政府未苦民所苦,引發共鳴,正中下懷。 
我們的孩子們只學會了唱衰國家,爭取所謂的權利,以致此公共平台上非專業且由媒體導引產生的熱心意見眾多。 
成人尚且難免受到影響,在非當事人及單一角度切入即做出評斷,萌生忿忿不平或滿腔正義感,更何況是我們的下一代,國中生的似懂非懂時期,國小生的小大人時期,我們給他們看了什麼新聞?什麼是對錯,又什麼是健全的心態? 
建議加強對媒體的新聞道德規範,擬定可受公評且不被汙名為違反新聞自由的律法,人民有知的權利沒錯,但不需要引導式及投其所好的報導方式。 
 ","匡正社會風氣,才是台灣的未來",0,0,無,0,3,無,Riven,,"Nowadays, various news media are smearing and scrambling for ratings. Any type of news can cater to the public with specious conclusions and excessive populist methods. To give an example, let’s ask a taxi driver’s opinion on rising oil prices. Under common sense, who would say that it is reasonable? The reasons for the rise and fall of international oil prices, such as the exploitation of shale oil in the United States, the wars in oil-producing countries, and China’s pricing methods, do children understand such professional and international issues? It is a difficult problem for adults. Our children have only learned to bad-mouth the country and fight for the so-called rights, so there are many enthusiastic opinions on this public platform that are non-professional and guided by the media. Adults are unavoidably affected, making judgments from non-participants and from a single perspective, and indignant injustice or a sense of justice, not to mention our next generation, junior high school students in the period of vague understanding, elementary school students in their adulthood, what news did we show them? What is right and wrong, and what is a healthy mentality? Good way of reporting.",Strengthen the standardization of media reporting methods,,,,,,,
10656,10656,2019-03-30 19:15:37,https://join.gov.tw/idea/detail/65244814-488b-49b2-b81a-0121b794cb48,Uber重要方案。,"一 
恢復uber營運，並讓uber司機考試營業登記，考試通過可以選擇要駕駛uber或是計程車，選定后便歸於所選之屬，uber營登歸uber營登，計程車營登歸計程車營登。雙方都有考試通過，就不用搞得那麼麻煩。 
記住！！台灣並非獨裁國家，人民有權利多元化選擇權，並非獨裁政治，很多事情解決不了，才把權力給政府，並不是先有政府才有權力，而是先有人民，政府才有權力，隨意剝奪人民的權力的政府便是獨裁政治。 
讓Uber司機去考Uber營業登記證，考試通過的司機歸類於Uber，而不是歸類於計程車，然后再派駐一名公家機關去Uber管理司機之類等等，這樣大家就不用在哪裡爭議了，計程車營登跟Uber營登分開就好了，把事情搞的那麼複雜幹嘛！？ 
  
很重要，所以多說一次。",擁有數佰億的商機可以讓人民過上更好的生活品質，人民強，就会國強，人民弱，國就會弱。,0,0,無,0,1,無,90,,"1. Resume uber operation, and let uber drivers test business registration. If you pass the test, you can choose to drive uber or taxi. Both parties have passed the exam, so there is no need to make such trouble. remember! ! Taiwan is not a dictatorship. The people have the right to choose in a variety of ways. It is not a dictatorship. Power is given to the government when many things cannot be resolved. It does not mean that the government has power first, but the people. Let Uber drivers take the Uber business registration certificate test. Drivers who pass the test are classified as Uber instead of taxis, and then a public agency is sent to Uber to manage drivers, etc., so that everyone does not have to argue. The taxi camp is separated from the Uber camp. Why make things so complicated! ? It's important, so say it one more time.",Uber's important program.,,,,,,,
7333,7333,2016-11-03 13:33:37,https://join.gov.tw/idea/detail/3b8203ea-e7cd-4833-b080-fd252b6e1175,如何降低大型車輛內輪差傷人事件,"強制要求容易有視線死角的大型車輛，在四周適當位置，皆安裝偵測器。 
當有人車進入死角範圍，車內車外皆會發出警報聲，提醒駕駛與外部人員，以避免一再發生憾事！","一場車禍毀了兩個家庭。沒有人願意看到這種憾事一再出現在新聞版面。 
只有宣導視線死角與內輪差的危險，還是消極的做法。 
某些小型車輛已有這類警示裝置，因此在科技上應該不是問題了。 
希望政府能有更積極的作為，減少悲劇的發生！ 
請大家多多支持！",0,0,2016-11-03 13:37:01,0,0,無,Frank Yang,,"It is mandatory for large vehicles that are prone to blind spots to install detectors at appropriate positions around them. When someone's car enters the blind spot, an alarm will sound both inside and outside the car to remind the driver and outsiders to avoid repeated accidents!",How to Reduce Injury Incidents of Inner Wheel Difference of Large Vehicles,,,,,,,
8277,8277,2017-10-25 00:35:44,https://join.gov.tw/idea/detail/8c71d05b-0e30-4019-b90d-5cdf2f2657f0,針對拖板車、聯結車等大型車輛另立處罰條例,拖板車、聯結車等大型車輛因胎紋不足、貨物綑綁不確實或未依號誌指示行車等原因所造成的交通事故往往異常重大，應另外針對此類大型貨車另外立法，而不能完全適用目前的《道路交通管理處罰條例》，並且應將業者納入開罰之列，例如車輛未定期檢驗、胎紋不足、超速等，以減少大型車禍事故發生的機率。,"台灣每年都有不少車禍事故一再發生，而往往聯結車、拖板車等所引發的事故最為重大，希望能針對此類大型貨車另立處罰條例，並將業者納入開罰範圍，以使職業駕駛及業者警惕，減少大型車禍事故發生之機率。 
  
依目前《道路交通管理處罰條例》第33條第一項之規定，下列各款違規情事，處汽車駕駛人新臺幣三千元以上六千元以下罰鍰，對大型車來說，可能造成的事故比小型車來得嚴重許多，依比例原則應加重罰鍰。 
  
一、行車速度超過規定之最高速限或低於規定之最低速限。二、未保持安全距離。三、未依規定行駛車道。四、未依規定變換車道。五、站立乘客。六、不依規定使用燈光。七、違規超車、迴車、倒車、逆向行駛。八、違規減速、臨時停車或停車。九、未依規定使用路肩。十、未依施工之安全設施指示行駛。十一、裝置貨物未依規定覆蓋、捆紮。十二、未依標誌、標線、號誌指示行車。十三、進入或行駛禁止通行之路段。十四、連續密集按鳴喇叭、變換燈光或其他方式迫使前車讓道。十五、行駛中向車外丟棄物品或廢棄物。十六、車輪、輪胎膠皮或車輛機件脫落。十七、輪胎胎紋深度不符規定。 
期能針對此類貨車另外立法加重罰則，降低類似事故之發生。",0,0,2017-10-25 00:36:12,2,0,無,Ms.Hsu,,"The traffic accidents caused by large vehicles such as pallet trucks and trailers due to insufficient tire tread, inaccurate cargo binding, or failure to follow signs are often extremely serious. Separate legislation should be made for such large trucks, and the current ""Road Traffic Management Penalty Regulations"" cannot be fully applied. In addition, operators should be included in the penalty list, such as vehicles not regularly inspected, insufficient tire tread, speeding, etc., in order to reduce the probability of large-scale accidents.",Separate penalty regulations for large vehicles such as pallet trucks and coupled vehicles,,,,,,,
8361,8361,2017-10-26 15:38:43,https://join.gov.tw/idea/detail/fd796600-5d1b-4ed0-8acf-f0b8d798b38e,大貨車高速公路行駛安全規範/中央分隔島高度增加,"大貨車、聯結車、砂石車、遊覽車等大型營業用車輛，應對其行駛國道建立/修訂相關法規與檢驗規範。其輪胎胎紋深度、再生胎使用正確與否/合法性、載重皆應立法或重新修正現有規範，並針對目前執行的檢驗方式，重新檢討。 
國道上不定時可見到大型貨車散落物，輪胎胎皮，新聞也不時出現大貨車胎紋過淺、超重的等原因，造成國道重大車禍憾事。雖國內已有相關規範，但不符規定的大型車輛仍繼續於一般道路/國道上行駛，足以代表現行法規適用性以及執行力亟需重新檢討。 
民國106/10/24，國道三號北上189K發生小轎車一家三口，遭對向行駛中爆胎的聯結車，失控衝向對向車道，造成一家三口的小家庭全部喪生，其車輛輪胎不符合規範即為重大原因之一。 
政府對於汽、機車等交通工具的規範、檢驗制度，長年以來停滯不前，相關規範沒有與時俱進、嚴格執行。希望有關單位能夠重視，並重新審視目前法規，重新增訂或修訂，讓台灣的大型客運/貨運車輛在高速公路上行駛時，提升其安全性，以避免再有類似憾事發生。 
國道中央分隔島高度也應多參考歐美先進國家的標準，否則以大型運輸工常見22.5英寸的輪圈，再加上輪胎高度，一旦失控，很容易翻越至對向車道。 
  
http://www.appledaily.com.tw/realtimenews/article/new/20171024/1228127/ 
 ",利益與影響：提高國道行駛車輛的安全性,0,0,2017-10-26 15:43:23,0,0,無,朱華安,,"For large commercial vehicles such as large trucks, combined vehicles, gravel trucks, and tourist buses, relevant laws and regulations and inspection standards should be established/revised when they travel on national roads. The tread depth of the tires, the correctness/legality of the use of recycled tires, and the load capacity should be legislated or the existing regulations should be revised, and the current inspection methods should be re-examined. From time to time, large trucks can be seen scattered objects and tire skins on the national highway. From time to time, the news also shows that large trucks have shallow tire tread, overweight and other reasons, resulting in major traffic accidents on national highways. Although there are relevant regulations in China, large vehicles that do not comply with the regulations continue to drive on general roads/national highways, which is enough to indicate that the applicability and enforcement of current regulations need to be re-examined. On 106/10/24 of the Republic of China, a family of three in a car on the 189K north of National Highway No. 3 was hit by a coupling car with a punctured tire in the opposite direction, and lost control and rushed into the opposite lane, killing all the small family of three. The government's standardization and inspection system for vehicles such as automobiles and locomotives has been stagnant for many years, and the relevant regulations have not kept pace with the times and been strictly implemented. I hope that the relevant units can pay attention to it, re-examine the current regulations, and re-add or revise them so that the safety of large passenger/freight vehicles in Taiwan can be improved when driving on expressways, so as to avoid similar unfortunate incidents from happening again. The height of the central divider island of the national road should also refer to the standards of advanced countries in Europe and the United States. Otherwise, the 22.5-inch rims common to large transporters, coupled with the height of the tires, once out of control, it is easy to overturn to the opposite lane. http://www.appledaily.com.tw/realtimenews/article/new/20171024/1228127/",Highway Driving Safety Regulations for Large Trucks/Increased Central Divider Height,,,,,,,
8908,8908,2017-11-21 20:31:50,https://join.gov.tw/idea/detail/589ff401-b531-40e0-b61b-6d828333bf00,購買、過戶，自用小貨車需要兩位保證人之限制，已不符現今社會需求，並流於形式！,"政府管太多：買小貨車 竟遭50年舊規刁難 
  
【吳詠平╱桃園報導】剛退伍的阿文要自己創業，想買一輛3噸半貨車在市場載貨，先向父親貸款到中古車行看好車要買時，車行問他有沒有參加工會，如果沒有要兩個保證人，還要切結不會從事載貨營業及攤販，阿文聽了傻眼，心想買貨車就是要載貨，怎還要切結「不會從事載貨營業」？ 
打壓民眾賺錢滿街都可看到重量3噸半以下的小貨車，只要有一般汽車駕照就能開，但這種貨車卻不是想買就能買，也不是想買幾輛都可以；這樣的限制讓初出社會打拼的阿文非常不滿，認為政府不只管太多，簡直吃飽撐著，限制人民財產交易的自由。 阿文不死心，自己去查法令，才知小貨車買賣限制依據是規定在《道路交通安全規則》第16條最後，自用小貨車不得以個人名義申請登記，但以直接從事生產，需裝載本身所需或生產之物品時，經公路監理機關核准，得申請小貨車牌照。 但令阿文不解的是，這規定在1968年頒布實施，或許當時有限制的必要，但距離現在都已快50年，法令全無修改是否符合現況，還用這麼古早的法令限制人民，「政府是都睡著了嗎？」 另名開公司的黎先生有3輛舊小貨車，生意轉好想要新買一輛3噸半貨車時，車商要他提供營業額稅單，要滿50萬元以上才能買第4輛。「為什麼要這麼麻煩？」他一問之下，才知小貨車買賣有限制，質疑政府根本是打壓基層民眾，「難道政府不希望人民創業賺錢嗎？為什麼不能多買些貨車？」  
法令流於形式黎先生不解的是，開貨車違規營業自然會有財稅機關開罰，幹嘛要在買車時由監理單位來管，更何況車開出去，大家要怎麼用，監理機關管得到嗎？他也質疑，車商有他們應付的方式，花點錢隨便加入一個工會就可幫客戶解決問題，但這規定已流於形式，既然如此，「政府何必自掃威信？」  
【政府回應】中壢監理站站長朱詩蘅表示，依《道路交通安全規則》第16條規定，自用小貨車不得以個人名義申請登記，但以直接從事生產，需裝載本身所需或生產之物品時，經公路監理機關核准，得申請小貨車牌照。  
避免一般人營利這規定主要是避免一般人從事載貨營業行為，這就好像，一般轎車與營業計程車差別一樣，雖然都是小轎車但使用目的不同，所以在發照時必須有所管制。★《蘋果》評分：扯 扯  
人民辛苦納稅，偏偏政府不是拿錢不做事，就是不該管的事管太多，限制人民的創意，阻礙社會進步。《蘋果》推出「政府管太多」系列，幫大家出氣。","【吳詠平╱桃園報導】剛退伍的阿文要自己創業，想買一輛3噸半貨車在市場載貨，先向父親貸款到中古車行看好車要買時，車行問他有沒有參加工會，如果沒有要兩個保證人，還要切結不會從事載貨營業及攤販，阿文聽了傻眼，心想買貨車就是要載貨，怎還要切結「不會從事載貨營業」？ 
打壓民眾賺錢滿街都可看到重量3噸半以下的小貨車，只要有一般汽車駕照就能開，但這種貨車卻不是想買就能買，也不是想買幾輛都可以；這樣的限制讓初出社會打拼的阿文非常不滿，認為政府不只管太多，簡直吃飽撐著，限制人民財產交易的自由。 阿文不死心，自己去查法令，才知小貨車買賣限制依據是規定在《道路交通安全規則》第16條最後，自用小貨車不得以個人名義申請登記，但以直接從事生產，需裝載本身所需或生產之物品時，經公路監理機關核准，得申請小貨車牌照。 但令阿文不解的是，這規定在1968年頒布實施，或許當時有限制的必要，但距離現在都已快50年，法令全無修改是否符合現況，還用這麼古早的法令限制人民，「政府是都睡著了嗎？」 另名開公司的黎先生有3輛舊小貨車，生意轉好想要新買一輛3噸半貨車時，車商要他提供營業額稅單，要滿50萬元以上才能買第4輛。「為什麼要這麼麻煩？」他一問之下，才知小貨車買賣有限制，質疑政府根本是打壓基層民眾，「難道政府不希望人民創業賺錢嗎？為什麼不能多買些貨車？」  
法令流於形式黎先生不解的是，開貨車違規營業自然會有財稅機關開罰，幹嘛要在買車時由監理單位來管，更何況車開出去，大家要怎麼用，監理機關管得到嗎？他也質疑，車商有他們應付的方式，花點錢隨便加入一個工會就可幫客戶解決問題，但這規定已流於形式，既然如此，「政府何必自掃威信？」  
【政府回應】中壢監理站站長朱詩蘅表示，依《道路交通安全規則》第16條規定，自用小貨車不得以個人名義申請登記，但以直接從事生產，需裝載本身所需或生產之物品時，經公路監理機關核准，得申請小貨車牌照。  
避免一般人營利這規定主要是避免一般人從事載貨營業行為，這就好像，一般轎車與營業計程車差別一樣，雖然都是小轎車但使用目的不同，所以在發照時必須有所管制。★《蘋果》評分：扯 扯  
人民辛苦納稅，偏偏政府不是拿錢不做事，就是不該管的事管太多，限制人民的創意，阻礙社會進步。《蘋果》推出「政府管太多」系列，幫大家出氣。",0,0,無,2,0,無,曾慶康,,"The government has too much control: Buying a small truck was made difficult by the 50-year-old regulations [Wu Yongping/Taoyuan Report] Ah Wen, who had just retired from the army, wanted to start his own business. He wanted to buy a 3.5-ton truck to carry goods in the market. He first borrowed money from his father and went to a second-hand car dealer. business""? Suppressing people to make money You can see small trucks weighing less than 3 and a half tons all over the street. As long as you have a general driver's license, you can drive this kind of truck, but you can buy this kind of truck if you want, nor can you buy as many as you want. Such restrictions make Ah Wen, who is new to society and working hard, very dissatisfied. Unwilling to give up, Ah Wen went to check the laws by himself and found out that the basis for the restrictions on the sale of small trucks was stipulated at the end of Article 16 of the ""Road Traffic Safety Rules"". Self-use small trucks are not allowed to apply for registration in the name of an individual, but if they are directly engaged in production and need to load the goods they need or produce, they can apply for a small truck license with the approval of the highway supervision agency. But what puzzled Ah Wen was that this regulation was promulgated in 1968. Maybe there was a need for restrictions at that time, but it has been almost 50 years now, and the law has not been revised. ""Why is it so troublesome?"" After he asked, he realized that there are restrictions on the sale of small trucks. He questioned that the government is basically suppressing the grassroots. ""Don't the government want people to start businesses and make money? Why can't they buy more trucks?"" He also questioned that the car dealers had the way they responded, and spent some money to join a trade union to help customers solve the problem, but this regulation has flowed in form. In this case, ""Why should the government sweep the prestige?"" When loading items required or produced, it may apply for a small truck license. The regulation to prevent ordinary people from making profits is mainly to prevent ordinary people from engaging in cargo-carrying business activities. This is like the difference between ordinary cars and business taxis. Although they are both small cars, they are used for different purposes, so they must be regulated when issuing licenses. ★""Apple"" rating: blah blah blah blah. ""Apple"" launched the ""Government Control Too Much"" series to help everyone vent their anger.","The restriction of two guarantors is required for the purchase, transfer, and self-use of a small truck, which does not meet the needs of today's society and is a mere formality!",,,,,,,
9977,9977,2018-04-23 11:03:54,https://join.gov.tw/idea/detail/8a3a32c1-b295-47e5-bc95-5ab466948abf,貨卡車 都要強制裝設自動煞車系統及全視角鏡頭,高速公路上卡車造成車禍的悲劇都是相當慘烈 不但傷害自己還造成用路人的家庭悲劇 4/23早上有又2位國道警察人員隕歿 卡車的駕駛都是為了要賺錢 不斷的超時開車 自己疲累卻還是要硬開上路 ! 所以我希望所有的貨車卡車都應該強烈裝設自動煞車系統及全視角鏡頭 保障其他用路人的安全 ! 希望大家可以支持這個議題! 讓政府做點事 也不要再讓國道警察人員隕歿了!,這是公眾利益與生命安全的議題 !,0,0,無,0,2,無,roger,,"The tragedies of truck accidents on highways are quite tragic. Not only did they hurt themselves, but they also caused tragedies to the families of passers-by. In the morning of 4/23, two national highway police officers died. The driving of the trucks was to make money. They kept driving overtime, and they were tired, but they still had to drive on the road! So I hope that all trucks should be strongly equipped with automatic braking systems and full-view cameras to ensure the safety of other passers-by! I hope everyone can support this issue! dead!",Trucks must be equipped with automatic braking systems and full-view cameras,,,,,,,
10280,10280,2018-07-07 18:31:55,https://join.gov.tw/idea/detail/6ddc5f13-3f42-4e2c-9af2-109f9c00c961,大卡車、聯結車等由政府補助加裝全車環景系統,在大卡車、聯結車、水泥車等大車由政府部分或全額補助加裝車用環景系統。,可以減少許多大車倒車或轉彎時不必要的交通意外，減少事故傷亡，增進全民福祉。,0,0,無,1,0,無,ea0270,,"Large trucks, combined trucks, cement trucks and other large vehicles will be partially or fully subsidized by the government to install the vehicle surround view system.","Large trucks, connected vehicles, etc. are subsidized by the government to install a full-vehicle surround view system",,,,,,,
7042,7042,2016-03-03 20:16:14,https://join.gov.tw/idea/detail/44d24074-fbbc-49a9-8e5f-0a55acdbdd84,讚,讚,,0,0,2016-03-03 20:16:30,0,0,無,王念茹,,Thumbs up,Thumbs up,,,,,,,
11530,11530,2020-04-28 10:07:22,https://join.gov.tw/idea/detail/7afd45de-c48e-4778-a939-e83357002d36,提點子,提點子,提點子,0,0,無,1,0,無,NoUU,,Tips,Tips,,,,,,,
13522,13522,2021-10-15 13:43:34,https://join.gov.tw/idea/detail/fe270a3d-72c6-4b20-b5f9-4e3e0cb31efb,哈,嗨,蛤,0,0,無,0,1,無,一位高中生ㄛ,,Hi,ha,,,,,,,
13595,13595,2021-10-27 17:11:51,https://join.gov.tw/idea/detail/106712a6-35d5-4516-9fa5-5fbe53808dcf,hi,只是想說hi,hi,0,0,無,0,2,無,Hi,,just wanted to say hi,hi,,,,,,,
10915,10915,2019-09-14 23:41:53,https://join.gov.tw/idea/detail/eddc5798-79ca-46c8-a425-a0e3315f9c8e,道歉,抱歉，我不應該提這種提議,沒有。,0,0,2019-09-14 23:42:06,0,0,無,不哈哈,,"Sorry, I shouldn't have made this kind of offer",Apologize,,,,,,,
11644,11644,2020-06-09 08:21:57,https://join.gov.tw/idea/detail/9316ef24-132c-46ff-b55d-76eb3f7a6f7f,吃素環保救地球,吃素環保救地球,"吃素等於放生,救動物。環保，保護週遭環境,救地球，給子孫好的生存空間。",0,0,無,0,0,無,綿綿,,Go Veg and Save the Planet,Go Veg and Save the Planet,,,,,,,
12037,12037,2020-11-14 15:21:37,https://join.gov.tw/idea/detail/96d630de-9ef6-412d-8dca-524490cf0fb5,誹謗中傷牛肉麵店商譽，連坐處罰立即下臺，並褫奪公權終身,"未查證，誹謗牛肉麵店 
應立即下台，不再續聘 
[豬]隊友 
 ","收入減少 
最壞榜樣 
公帑亂花 
只許州官放火，不許百姓點燈（兩套標準） 
太陽花學運闖公家，竟無罪，還要國賠，不知羞恥 
 ",0,0,2020-11-14 15:23:36,0,0,無,張小敏,,"Unverified, slandering the beef noodle shop should immediately step down and not re-employ [pig] teammates",Slander and slander the goodwill of the beef noodle shop,,,,,,,
12528,12528,2021-03-05 17:23:11,https://join.gov.tw/idea/detail/d7301f89-7839-4d89-8cf7-3f8acc8bbe99,增加反附議鈕   讓反方可直接反對,"增加反附議鈕 
  
 "," 
    讓反方可直接反對  
",0,0,無,1,0,無,桃衣,,Add anti second button,Add an anti-seconding button so that the opposing party can directly object,,,,,,,
12695,12695,2021-04-19 10:27:45,https://join.gov.tw/idea/detail/cba80c1e-dc0b-4f0d-bb48-c77d1548237d,不進口AZ疫苗,不進口AZ疫苗,AZ疫苗副作用多 保護力低 不適合施打 施打其他疫苗更好,0,0,2021-04-19 10:28:04,0,0,無,呵呵,,Do not import AZ vaccines,Do not import AZ vaccines,,,,,,,
7040,7040,2016-02-03 18:09:59,https://join.gov.tw/idea/detail/0ab52333-0fa7-4710-a1a1-2367e38d5319,腳踏車車牌使用普及化,"1. 腳踏車應該全面實施登記車牌。
2. 增加可登記車牌之地區，可先將警察局做為登記處，隨報隨貼。
3. 法條部分可參照日本的腳踏車相關法規。","1. 台灣自詡為腳踏車王國，但是卻連騎車出去上個課都要小心被偷，真的非常可憐，登記車牌之後便可以降低偷車犯罪率，讓大家騎得更安心。
2. 減少廢棄車問題，一直令台大頭痛的廢棄車問題，其實只要掛上車牌之後即可解決，讓腳踏車成為掛名擁有物，民眾就不能隨意丟棄。
 ",0,0,無,2,2,無,簡子祥,Transport,"1. Bikes should be fully registered with license plates. 2. To increase the areas where license plates can be registered, the police station can be used as the registration office first, and posted at any time. 3. For the part of the law, please refer to the relevant laws and regulations of bicycles in Japan.",Popularization of bicycle license plates,,,,,,,
9320,9320,2017-12-16 21:07:12,https://join.gov.tw/idea/detail/658d8443-f424-4215-8da9-2bc392932942,對現有電動機踏車修法,"在現今電動機車越來越普及的狀況下，以往的規定已不符合現代的趨勢，對於電動機車現有法規，尚覺得以下的法條稍嫌有不足，特此以提出修改。 
電動自行車：無腳踏板，需啟動電源才能行走之小型馬力電動機車。需經型式審驗合格，粘貼帶有紅色閃電合格標章後，才得行駛道路。電動自行車：全電動模式，時速低於25公里、車重40公斤以下(不包含電池重量)，之兩輪車輛，免牌照、免行照、免駕照但須滿18歲，須通過審核認證並懸掛特定車牌(注1)才可上路。 
其他相關規定和罰則一併依照機車。 
注1.對於外籍勞工之車牌號碼以有效證件(居留證、工作證..)後6-8碼設定，如有違規罰單統一寄送到引進之仲介公司處理。      對於本國人之車牌號碼則以汽機車駕照號碼後6-8碼設定。",對於現有時速低於25公里、車重40公斤以下的電動機車族稍微有點不便，但懸掛車牌後，對於一些未來利用電動機車違規、犯罪...之防範很有幫助。如今天發生電動機車，車禍肇逃、犯案、違規等等事件，如未懸掛車牌，要找到人根本是難上加難，更別說是外籍勞工，除了耗費大量人力，更是大海撈針。執法單位除非是重大事件，不然單憑違規影片、照片，也不可能一一去調閱監視攝影機。,0,0,2017-12-16 21:07:49,1,0,無,Hang Chang,,"As electric vehicles become more and more popular today, the previous regulations are no longer in line with modern trends. Regarding the existing regulations on electric vehicles, I still feel that the following regulations are somewhat insufficient, and hereby propose amendments. Electric bicycle: a small horsepower electric motorcycle that has no pedals and needs to be powered on to walk. Only after passing the type inspection and pasting the red lightning mark, can the vehicle be driven on the road. Electric bicycles: all-electric models, two-wheeled vehicles with a speed of less than 25 kilometers per hour and a vehicle weight of less than 40 kilograms (excluding battery weight), are exempt from license plates, driving licenses, and driver's licenses, but must be 18 years old. They must pass the audit certification and hang a specific license plate (Note 1) before they can go on the road. Other relevant regulations and penalties shall be in accordance with the locomotive. Note 1. The license plate number of foreign workers is set with the last 6-8 digits of valid certificates (residence permit, work permit, etc.). For the license plate number of the nationals, it is set with the 6-8 digits after the driver's license number of the automobile and motorcycle.",Repairs to Existing Motorized Treadmills,,,,,,,
10770,10770,2019-06-14 17:59:51,https://join.gov.tw/idea/detail/19977ee1-7514-42c1-9aa8-5cd15acfd250,外勞騎電動自行車車速很快皆與機車同速,於外勞常出入之工業區及工廠聯結道路，不定期派人員攔檢，加強取締。,維護我國國民用路安全,0,0,無,0,0,無,阿益,,"In industrial areas and factory-connected roads where foreign workers often come and go, personnel are sent to stop and check from time to time to strengthen the crackdown.",Foreign workers ride electric bicycles at the same speed as locomotives,,,,,,,
10910,10910,2019-09-10 11:54:21,https://join.gov.tw/idea/detail/560181bd-d039-40b4-8cb5-de0cb98ea434,電動車車牌設計改良,"目前電動車車牌，掛著""電動車""三個大字，不僅多此一舉，且彷彿回到了臺灣光復時期的設計感 
何不以顏色加上簡單圖案，即可呈現燃油車與電動車的分別? 
延續原有的綠色主視覺，因為綠色是最能體驗環保綠能的核心顏色，再加以閃電LOGO點綴，相信能讓電動車與燃油車清楚劃分，並且增添不少設計感及未來感。",電動車為我國及世界趨勢，需要一個具有設計感的車牌凝聚國人向心力，使更多人願意加入電動車的行列，為電動車的未來建立新的里程碑!,0,0,2019-09-10 14:20:17,6,7,無,STRONG,,"At present, the electric vehicle license plate has three big characters ""electric vehicle"" on it, which is not only superfluous, but also seems to have returned to the design sense of Taiwan's recovery period. Why not add a simple pattern to the color to show the difference between fuel vehicles and electric vehicles? The original green main vision is continued, because green is the core color that can best experience environmental protection and green energy. Adding lightning LOGO embellishment, I believe that electric vehicles and fuel vehicles can be clearly distinguished, and a lot of design and futuristic sense will be added.",Improved Design of Electric Vehicle License Plates,,,,,,,
12564,12564,2021-03-16 08:45:23,https://join.gov.tw/idea/detail/7231ce72-0360-438a-9340-33f5c25c0b66,政府應立法並依法管理電動自行車,"電動自行車取得容易，政府並無強制納入管理，現行可說根本無法可管，若發生交通意外或與其他車種發生事故時，時常難以釐清責任。 
少數電動自行車騎士心存僥倖，不守交通規則，常釀成意外事故。",電動自行車必須遵守交通規則，並納入道路交通管理處罰條例規範，政府必須立法且依法全面管理，保障大眾行車駕駛安全。,0,0,2021-03-16 08:45:38,0,0,無,阿榮,,"Electric bicycles are easy to obtain, and the government has not compelled them to manage them. It can be said that there is no way to control them at present. In the event of traffic accidents or accidents with other types of vehicles, it is often difficult to clarify the responsibility. A small number of electric bicycle riders are lucky and do not obey the traffic rules, which often lead to accidents.",The government should legislate and manage electric bicycles according to law,,,,,,,
12570,12570,2021-03-16 20:11:09,https://join.gov.tw/idea/detail/f3009361-55e5-44e4-b91d-083bf4c90ae8,電動機車強制掛牌納保並立法管理,"電動機車並無強制納保，且現行可說根本無法可管，若違規也造成警方或檢舉人無法有效執法。 
又少數電動機車騎士心存僥倖不守交通規則，致發生交通意外或與其他車發生事故時，時常難以釐清責任，也因沒有保險造成當事人遺憾與重大損失。另若不法人士利用電動機車未掛車牌之特例進行違法犯案也造成檢警偵辦困難。",電動機車必須強制掛牌且強制保險，騎乘時須遵守交通規則，並納入道路交通管理處罰條例規範，政府必須立法且依法全面管理，執法不分貴賤亦不分車種，公正公平保障大眾行車駕駛安全。,0,0,2021-03-16 20:13:35,0,0,無,阿榮,,"There is no mandatory guarantee for electric motorcycles, and the current situation can be said to be completely uncontrollable. If the regulations are violated, the police or informants will not be able to effectively enforce the law. Also, a small number of electric motorbike riders are lucky enough to fail to obey the traffic rules, resulting in traffic accidents or accidents with other vehicles. It is often difficult to clarify the responsibility, and the lack of insurance also causes regret and heavy losses for the parties involved. In addition, if criminals take advantage of the special case that the motor vehicle does not have a license plate to commit crimes, it will also cause difficulties for the prosecution and police to investigate and handle.",Mandatory listing of electric locomotives and guarantees and legislative management,,,,,,,
12884,12884,2021-05-24 00:18:25,https://join.gov.tw/idea/detail/decde4fe-81b1-4623-b9f5-d5ba586c7af8,電動自行車 實施實名制,"立法要求電動自行車(以電力為主，最大行駛速率在每小時25公里以下，且車重（不含電池）在40公斤以下之2輪車)，都要實名制、強制納保及相關措施，沒有車牌的電動自行車需像電動機車那樣掛牌並將車牌及相關資料建檔 
  
給一個宣導期，宣導期內的舊車需要去做換牌跟實名制登記的動作，宣導期後就開始執法，並鼓勵民眾檢舉","減少青少年騎乘電動自行車因交通違規而造成其他用路人的困擾甚至危害其他用路人的安全 
降低取締交通違規及危險駕駛的困難性 
  
在電動自行車管理方面更加完善",0,0,2021-05-24 00:21:34,0,0,無,我只是塊軍牌,,"Legislation requires electric bicycles (two-wheeled vehicles that use electric power, with a maximum speed of less than 25 kilometers per hour, and a vehicle weight (excluding batteries) of less than 40 kilograms) to be subject to real-name registration, mandatory insurance, and related measures. Electric bicycles without license plates must be listed like electric motorcycles, and the license plate and related information must be filed for a publicity period.",Real-name system implemented for electric bicycles,,,,,,,
13776,13776,2021-12-26 02:07:25,https://join.gov.tw/idea/detail/1464cfb4-2898-4a0c-985c-4794885f1c20,開放14歲報考輕型綠牌機車(50c.c)駕照，並增加路考,希望政府能夠開放，滿14歲的中華民國國民，能夠報考普通輕型機車(以下簡稱輕機車)的駕駛執照，近年來因為電動自行車(以下簡稱電行車)風潮崛起，衍生出許多交通問題，某些電行車的動力已經可以跟輕機車匹敵，但卻不需要考照，和數字牌，以及保強制險，使得用路人的危險大大增加，市面上充斥著五花八門的電行車與其之改裝品，期線材不一定經過檢驗合格，讓電行車駕駛人的危險增加，且路上電行車大多行駛速度都已超過法定時速25公里，且電行車重量不得超過40公斤，高速行駛下，較輕機車危險，輕機車的重量一般來說比較重，且因為有引擎，引擎曲軸有轉動慣量，使得行車穩定許多，且輕機車的懸吊系統、燈具配備，較電行車有保障，此外，輕機車的動力主要由油門控制(速克達)，因為油門是物理的，讓加速較不猛烈，起步較安全，電行車轉把為電子訊號控制，只要輕輕一轉，扭力的瞬間釋放，可能使車輛拋飛，造成危險，無照駕駛的族群，大多是青少年為主，有些青少年並非貪玩，而有實際通勤需求，且行車態度不一定如社會刻板印象描述的不成熟，但因無法考照，只能無照騎車，增加了他們自己與其他用路人的危險，政府規定滿14歲國民，需負交通責任，剛好也是電行車的可騎乘年齡，那為何不考慮開放以較安全、配備較有保障且行車較穩定的輕型機車做為青少年的選擇，來取代不需考照、不須掛數字牌和保強制險的電行車呢?增加路考可以讓行車安全更有保障、增進技術，使輕型機車駕駛人更安全，行車態度和技術是看個人，不是所有國民一到18歲，或拿到了駕照，就會自動變安全或變成熟，增加考試難度，才是根本之道，並讓有心好好騎車通勤的青年，能夠方便的過生活(白牌仍維持18歲考照，因為動力較大，安全考量),1.增加青年朋友通勤的方便2.使交通安全觀念年輕化3.使電動車亂象減少4.考試加難，提升行車技術5.注重行車態度，而非年齡，使空有駕照，但危險行車的狀況減少,0,0,2021-12-26 02:11:06,0,0,無,Benson448892938,,"It is hoped that the government will open up and the citizens of the Republic of China who have reached the age of 14 can apply for the driving license of ordinary light motorcycles (hereinafter referred to as light motorcycles). In recent years, due to the rise of electric bicycles (hereinafter referred to as electric bicycles), many traffic problems have arisen. The danger for car drivers is increased, and most electric vehicles on the road have a speed exceeding the legal speed of 25 kilometers per hour, and the weight of an electric vehicle must not exceed 40 kg. Driving at high speed, lighter motorcycles are dangerous. Light motorcycles are generally heavier, and because of the engine, the crankshaft of the engine has a moment of inertia, which makes driving much more stable. In addition, light motorcycles are equipped with suspension systems and lamps, which are more secure than electric vehicles. In addition, the power of light motorcycles is mainly controlled by the accelerator. Vigorous, safe starting. The handlebar of electric bicycles is controlled by electronic signals. With just a slight turn, the torque is released instantly, which may cause the vehicle to fly, causing danger. Most of the unlicensed driving groups are teenagers. Riding age, then why not consider opening up the choice of light motorcycles that are safer, more secure, and more stable for young people to replace electric bicycles that do not require licenses, digital plates, and compulsory insurance? Adding road tests can make driving safer, improve technology, and make light motorcycle drivers safer. Driving attitude and technology depend on the individual. Not all citizens will automatically become safe or mature once they reach the age of 18 or get a driver’s license. Let young people who are willing to commute by bike to live a convenient life (the white card is still 18 years old, because the power is greater and safety considerations)","14-year-olds are allowed to apply for a light green motorcycle (50c.c) driver's license, and add a road test",,,,,,,
13777,13777,2021-12-26 02:13:58,https://join.gov.tw/idea/detail/6beb295a-1c10-4ade-921f-17eb1e1ca33c,開放14歲報考輕型綠牌機車(50c.c)駕照，並增加路考,希望政府能夠開放，滿14歲的中華民國國民，能夠報考普通輕型機車(以下簡稱輕機車)的駕駛執照，近年來因為電動自行車(以下簡稱電行車)風潮崛起，衍生出許多交通問題，某些電行車的動力已經可以跟輕機車匹敵，但卻不需要考照，和數字牌，以及保強制險，使得用路人的危險大大增加，市面上充斥著五花八門的電行車與其之改裝品，期線材不一定經過檢驗合格，讓電行車駕駛人的危險增加，且路上電行車大多行駛速度都已超過法定時速25公里，且電行車重量不得超過40公斤，高速行駛下，較輕機車危險，輕機車的重量一般來說比較重，且因為有引擎，引擎曲軸有轉動慣量，使得行車穩定許多，且輕機車的懸吊系統、燈具配備，較電行車有保障，此外，輕機車的動力主要由油門控制(速克達)，因為油門是物理的，讓加速較不猛烈，起步較安全，電行車轉把為電子訊號控制，只要輕輕一轉，扭力的瞬間釋放，可能使車輛拋飛，造成危險，無照駕駛的族群，大多是青少年為主，有些青少年並非貪玩，而有實際通勤需求，且行車態度不一定如社會刻板印象描述的不成熟，但因無法考照，只能無照騎車，增加了他們自己與其他用路人的危險，政府規定滿14歲國民，需負交通責任，剛好也是電行車的可騎乘年齡，那為何不考慮開放以較安全、配備較有保障且行車較穩定的輕型機車做為青少年的選擇，來取代不需考照、不須掛數字牌和保強制險的電行車呢?增加路考可以讓行車安全更有保障、增進技術，使輕型機車駕駛人更安全，行車態度和技術是看個人，不是所有國民一到18歲，或拿到了駕照，就會自動變安全或變成熟，增加考試難度，才是根本之道，並讓有心好好騎車通勤的青年，能夠方便的過生活(白牌仍維持18歲考照，因為動力較大，安全考量),1.增加青年朋友通勤的方便2.使交通安全觀念年輕化3.使電動車亂象減少4.考試加難，提升行車技術5.注重行車態度，而非年齡，使空有駕照，但危險行車的狀況減少,0,0,2021-12-26 02:14:07,0,0,無,Benson448892938,,"It is hoped that the government will open up and the citizens of the Republic of China who have reached the age of 14 can apply for the driving license of ordinary light motorcycles (hereinafter referred to as light motorcycles). In recent years, due to the rise of electric bicycles (hereinafter referred to as electric bicycles), many traffic problems have arisen. The danger for car drivers is increased, and most electric vehicles on the road have a speed exceeding the legal speed of 25 kilometers per hour, and the weight of an electric vehicle must not exceed 40 kg. Driving at high speed, lighter motorcycles are dangerous. Light motorcycles are generally heavier, and because of the engine, the crankshaft of the engine has a moment of inertia, which makes driving much more stable. In addition, light motorcycles are equipped with suspension systems and lamps, which are more secure than electric vehicles. In addition, the power of light motorcycles is mainly controlled by the accelerator. Vigorous, safe starting. The handlebar of electric bicycles is controlled by electronic signals. With just a slight turn, the torque is released instantly, which may cause the vehicle to fly, causing danger. Most of the unlicensed driving groups are teenagers. Riding age, then why not consider opening up the choice of light motorcycles that are safer, more secure, and more stable for young people to replace electric bicycles that do not require licenses, digital plates, and compulsory insurance? Adding road tests can make driving safer, improve technology, and make light motorcycle drivers safer. Driving attitude and technology depend on the individual. Not all citizens will automatically become safe or mature once they reach the age of 18 or get a driver’s license. Let young people who are willing to commute by bike to live a convenient life (the white card is still 18 years old, because the power is greater and safety considerations)","14-year-olds are allowed to apply for a light green motorcycle (50c.c) driver's license, and add a road test",,,,,,,
14042,14042,2022-04-02 13:35:41,https://join.gov.tw/idea/detail/a8d1e0fa-cc1d-474a-8ae4-8d9e83d0bf4b,研發蓄電船，解決未來缺電問題,蓄電船一旦完成，可以從關島、琉球、菲律賓、新加坡、越南、日本和韓國進行補給，像電動車一樣，成為可攜式電力，導入我國智慧電網，確保各大變電所穩定運作。,如上敘明。,0,0,無,0,1,無,裕容,,"Once the power storage ship is completed, it can be resupplied from Guam, Ryukyu, the Philippines, Singapore, Vietnam, Japan, and South Korea. Like an electric car, it will become a portable power source and be imported into my country's smart grid to ensure the stable operation of major substations.",Research and develop electric storage ships to solve the problem of power shortage in the future,,,,,,,
9918,9918,2018-04-03 06:47:33,https://join.gov.tw/idea/detail/ba232f8f-e267-4c5d-8a4e-61b51b5c16d9,107年６月底前確定電動機車公版換電規格,為推動電動機車發展，建請政府在107年６月底前應確定電動機車公版換電標準，以利產業發展，邁向國際，並達成永續發展目標,為推動電動機車發展，建請政府在107年６月底前應確定電動機車公版換電標準，以利產業發展，邁向國際，並達成永續發展目標,0,0,2018-04-03 06:49:20,0,0,無,lky,,"In order to promote the development of electric locomotives, it is suggested that the government should determine the public version of electric locomotive replacement standards before the end of June 2017, so as to facilitate the development of the industry, move towards the international market, and achieve the goal of sustainable development","2017, before the end of June 2017, the specifications of the public version of electric locomotives will be determined",,,,,,,
10313,10313,2018-07-21 03:14:40,https://join.gov.tw/idea/detail/b0b6178f-67b2-4a92-bfd9-6471d95cb347,高速公路休息站設置電動汽車快速充電站,"行政院賴清德院長宣示2040年禁售燃油車政策。2010年工業部智慧電動車先導運行計畫施實以來，2018年全台電動小客車迄今未超過2000台。其主要原因在於高速公路休息站並沒有快速充電站，造成現有電動車使用者無法如同油車進可長途旅行，造成許多油車使用者無法轉換使用電動車。要求政府於全台高速公路各休息站建置快速充電站，以提供完整且連續行駛的供電站，利推動電動車發展。 
  
快充各類規格：DC規格：TESLAChademoCSSGB 
AC規格：SAE J1772 
 ",電動車因續航力，無法連續行駛數百公里。高速公路設置電動車快速充電站後，解決電動汽車之基礎設施，提供快速充電功能，提升續航力，解決電車使用者里程焦慮。可快速提升電動車數量，做為國家綠色交通之基礎設施，在2040年前完成交通能源之轉型。一、國家交通能源之轉型。二、建置國家交通基礎設施。三、電動車續航力與油車相同。,0,0,無,44,12,無,劉小麟,,"President Lai Qingde of the Executive Yuan announced the policy of banning the sale of fuel vehicles in 2040. Since the implementation of the Ministry of Industry's smart electric vehicle pilot operation plan in 2010, the number of electric passenger cars in Taiwan has not exceeded 2,000 in 2018. The main reason is that there is no fast charging station at the highway rest station, which prevents existing electric vehicle users from traveling long distances like gasoline vehicles, and many gasoline vehicle users cannot switch to electric vehicles. The government is required to build fast charging stations at rest stations on expressways throughout Taiwan to provide complete and continuous power supply stations to promote the development of electric vehicles. Various specifications of fast charging: DC specification: TESLChademoCSSGB AC specification: SAE J1772",Highway rest stops set up fast charging stations for electric vehicles,,,,,,,
11657,11657,2020-06-13 23:54:11,https://join.gov.tw/idea/detail/e80c86bf-e7a5-4eea-809d-d52574708a50,新建大樓社區應有供電動車充電樁使用的迴路、走線空間，以及包含相關使用規定的社區規約,"　　現在的台灣，雖然個人持有的電動車的數量非常低，但電動車的逐漸普及是必然之勢。近年來，電動車的價格屢創新低，許多高品質電動車的價格已經接近百萬，表示一般中產階級家庭已有能力購入。 
　　在都市地區，大部分的家用車在夜間都有固定的停車位，而其中的一大部分是在社區的地下停車場。儘管民眾可以透過從地下室電錶另外拉線到停車位的方式來裝設充電樁，但這種做法沒辦法提供充電器足夠的電流(加上家中用電會跳電)，加上許多社區並沒有預留的走線空間，社區規約中也沒有這些需要專業知識來制定的規定，造成安裝充電樁時不必要的麻煩。 
　　因此，我提議，新建的大樓社區之地下停車場應預留迴路和走線的空間，且與建商的買賣合約中的社區規約部分應包含相關規定。",可以降低購買電動車的障礙，進而讓台灣在相關產業更有優勢,0,0,2020-06-13 23:54:49,0,0,無,H,,"In Taiwan today, although the number of electric vehicles owned by individuals is very low, the gradual popularization of electric vehicles is inevitable. In recent years, the price of electric vehicles has repeatedly hit new lows, and the price of many high-quality electric vehicles has reached close to one million yuan, which means that ordinary middle-class families are already able to purchase them. In urban areas, most family cars have fixed parking spaces at night, and most of them are underground parking lots in communities. Although the public can install charging piles by pulling wires from the basement meter to the parking space, this method cannot provide enough current for the charger (plus, the electricity at home will trip), and many communities do not have reserved space for wiring, and there are no regulations that require professional knowledge to formulate in the community regulations, causing unnecessary trouble when installing charging piles. Therefore, I propose that the underground parking lot of the newly built building community should reserve space for loops and wiring, and the community statute part of the sales contract with the builder should include relevant regulations.","The new building community should have loops and routing space for electric vehicle charging piles, as well as community regulations containing relevant use regulations",,,,,,,
13677,13677,2021-11-25 16:23:08,https://join.gov.tw/idea/detail/e39f4aa1-3fa4-45f1-8658-8ae545e16efb,是否支持公車全面改用油電混合車或電動車？," 
 公車在5年內逐步淘汰柴油車 
 政府制定補助計畫並實施獎勵措施 
",減少環境污染,0,0,無,0,2,無,音欠,,Diesel vehicles to be phased out within 5 years Government develops subsidy scheme and implements incentives,Do you support the full conversion of buses to gasoline-electric hybrid vehicles or electric vehicles?,,,,,,,
